Date,Volume
"Dec 31, 2020","$40,730,301,359"
"Dec 30, 2020","$46,754,964,848"
"Dec 29, 2020","$51,287,442,704"
"Dec 28, 2020","$45,265,946,774"
"Dec 27, 2020","$49,056,742,893"
"Dec 26, 2020","$66,479,895,605"
"Dec 25, 2020","$48,332,647,295"
"Dec 24, 2020","$42,068,395,846"
"Dec 23, 2020","$41,080,759,713"
"Dec 22, 2020","$51,146,161,904"
"Dec 21, 2020","$44,171,632,681"
"Dec 20, 2020","$45,852,713,981"
"Dec 19, 2020","$37,844,228,422"
"Dec 18, 2020","$38,487,546,580"
"Dec 17, 2020","$40,387,896,275"
"Dec 16, 2020","$71,378,606,374"
"Dec 15, 2020","$44,409,011,479"
"Dec 14, 2020","$26,741,982,541"
"Dec 13, 2020","$22,473,997,681"
"Dec 12, 2020","$25,450,468,637"
"Dec 11, 2020","$21,752,580,802"
"Dec 10, 2020","$27,919,640,985"
"Dec 09, 2020","$25,547,132,265"
"Dec 08, 2020","$34,420,373,071"
"Dec 07, 2020","$31,692,288,756"
"Dec 06, 2020","$26,896,357,742"
"Dec 05, 2020","$25,293,775,714"
"Dec 04, 2020","$27,242,455,064"
"Dec 03, 2020","$33,872,388,058"
"Dec 02, 2020","$31,930,317,405"
"Dec 01, 2020","$37,387,697,139"
"Nov 30, 2020","$49,633,658,712"
"Nov 29, 2020","$47,728,480,399"
"Nov 28, 2020","$31,133,957,704"
"Nov 27, 2020","$32,601,040,734"
"Nov 26, 2020","$38,886,494,645"
"Nov 25, 2020","$61,396,835,737"
"Nov 24, 2020","$43,710,357,371"
"Nov 23, 2020","$51,469,565,009"
"Nov 22, 2020","$42,741,112,308"
"Nov 21, 2020","$41,280,434,226"
"Nov 20, 2020","$39,650,210,707"
"Nov 19, 2020","$36,992,873,940"
"Nov 18, 2020","$36,985,055,355"
"Nov 17, 2020","$49,064,800,278"
"Nov 16, 2020","$39,006,849,170"
"Nov 15, 2020","$31,526,766,675"
"Nov 14, 2020","$23,653,867,583"
"Nov 13, 2020","$27,481,710,135"
"Nov 12, 2020","$31,599,492,172"
"Nov 11, 2020","$34,175,758,344"
"Nov 10, 2020","$29,772,374,934"
"Nov 09, 2020","$25,574,938,143"
"Nov 08, 2020","$34,149,115,566"
"Nov 07, 2020","$26,632,075,029"
"Nov 06, 2020","$35,024,953,706"
"Nov 05, 2020","$39,837,841,971"
"Nov 04, 2020","$40,856,321,439"
"Nov 03, 2020","$35,116,364,962"
"Nov 02, 2020","$29,869,951,617"
"Nov 01, 2020","$30,771,455,468"
"Oct 31, 2020","$24,453,857,900"
"Oct 30, 2020","$30,306,464,719"
"Oct 29, 2020","$30,581,485,201"
"Oct 28, 2020","$56,499,499,598"
"Oct 27, 2020","$35,867,318,895"
"Oct 26, 2020","$33,749,878,156"
"Oct 25, 2020","$29,461,458,313"
"Oct 24, 2020","$24,406,920,575"
"Oct 23, 2020","$24,542,317,940"
"Oct 22, 2020","$28,974,975,003"
"Oct 21, 2020","$34,729,759,598"
"Oct 20, 2020","$43,414,712,626"
"Oct 19, 2020","$30,915,821,592"
"Oct 18, 2020","$23,860,769,928"
"Oct 17, 2020","$18,283,314,340"
"Oct 16, 2020","$19,130,430,174"
"Oct 15, 2020","$25,635,480,772"
"Oct 14, 2020","$24,487,233,058"
"Oct 13, 2020","$24,103,426,719"
"Oct 12, 2020","$24,241,420,251"
"Oct 11, 2020","$26,163,972,642"
"Oct 10, 2020","$19,968,627,060"
"Oct 09, 2020","$22,877,978,588"
"Oct 08, 2020","$22,799,117,613"
"Oct 07, 2020","$63,314,794,397"
"Oct 06, 2020","$37,799,458,436"
"Oct 05, 2020","$42,623,695,307"
"Oct 04, 2020","$47,537,578,009"
"Oct 03, 2020","$71,251,776,995"
"Oct 02, 2020","$44,660,271,563"
"Oct 01, 2020","$48,661,453,918"
"Sep 30, 2020","$40,023,134,100"
"Sep 29, 2020","$44,171,073,700"
"Sep 28, 2020","$46,582,396,602"
"Sep 27, 2020","$47,762,394,731"
"Sep 26, 2020","$53,745,972,818"
"Sep 25, 2020","$46,852,525,493"
"Sep 24, 2020","$39,348,590,957"
"Sep 23, 2020","$47,144,380,902"
"Sep 22, 2020","$23,788,661,867"
"Sep 21, 2020","$23,621,787,804"
"Sep 20, 2020","$28,884,999,244"
"Sep 19, 2020","$24,699,523,788"
"Sep 18, 2020","$22,764,204,008"
"Sep 17, 2020","$26,341,903,912"
"Sep 16, 2020","$38,151,810,523"
"Sep 15, 2020","$30,769,986,455"
"Sep 14, 2020","$32,509,451,925"
"Sep 13, 2020","$35,453,581,940"
"Sep 12, 2020","$36,506,852,789"
"Sep 11, 2020","$36,750,077,324"
"Sep 10, 2020","$45,201,121,775"
"Sep 09, 2020","$54,406,443,211"
"Sep 08, 2020","$24,128,292,755"
"Sep 07, 2020","$33,430,927,462"
"Sep 06, 2020","$33,703,098,409"
"Sep 05, 2020","$37,071,460,174"
"Sep 04, 2020","$44,916,565,292"
"Sep 03, 2020","$29,965,130,374"
"Sep 02, 2020","$31,927,261,555"
"Sep 01, 2020","$28,037,405,299"
"Aug 31, 2020","$27,311,555,343"
"Aug 30, 2020","$22,285,928,250"
"Aug 29, 2020","$19,760,127,945"
"Aug 28, 2020","$17,485,597,759"
"Aug 27, 2020","$19,807,127,588"
"Aug 26, 2020","$23,240,415,076"
"Aug 25, 2020","$22,466,660,958"
"Aug 24, 2020","$26,301,509,932"
"Aug 23, 2020","$20,681,511,755"
"Aug 22, 2020","$18,482,062,658"
"Aug 21, 2020","$20,224,191,306"
"Aug 20, 2020","$23,762,425,999"
"Aug 19, 2020","$20,175,242,945"
"Aug 18, 2020","$24,502,851,117"
"Aug 17, 2020","$26,043,227,672"
"Aug 16, 2020","$28,227,687,027"
"Aug 15, 2020","$20,583,375,490"
"Aug 14, 2020","$23,354,924,400"
"Aug 13, 2020","$24,237,958,589"
"Aug 12, 2020","$27,522,199,497"
"Aug 11, 2020","$25,064,548,486"
"Aug 10, 2020","$27,039,782,640"
"Aug 09, 2020","$26,114,112,569"
"Aug 08, 2020","$17,489,608,833"
"Aug 07, 2020","$17,572,057,837"
"Aug 06, 2020","$23,132,312,867"
"Aug 05, 2020","$23,400,740,340"
"Aug 04, 2020","$24,411,254,471"
"Aug 03, 2020","$21,250,197,042"
"Aug 02, 2020","$20,271,713,443"
"Aug 01, 2020","$27,410,067,336"
"Jul 31, 2020","$26,075,670,303"
"Jul 30, 2020","$23,160,469,766"
"Jul 29, 2020","$22,857,247,901"
"Jul 28, 2020","$24,617,249,715"
"Jul 27, 2020","$28,766,551,142"
"Jul 26, 2020","$35,359,749,590"
"Jul 25, 2020","$20,507,998,997"
"Jul 24, 2020","$16,610,070,933"
"Jul 23, 2020","$16,552,768,325"
"Jul 22, 2020","$18,146,399,002"
"Jul 21, 2020","$16,532,254,884"
"Jul 20, 2020","$18,069,581,956"
"Jul 19, 2020","$13,755,604,146"
"Jul 18, 2020","$12,939,002,784"
"Jul 17, 2020","$12,252,601,475"
"Jul 16, 2020","$13,944,570,749"
"Jul 15, 2020","$15,713,967,523"
"Jul 14, 2020","$15,844,731,575"
"Jul 13, 2020","$18,085,038,362"
"Jul 12, 2020","$17,519,821,266"
"Jul 11, 2020","$14,452,361,907"
"Jul 10, 2020","$13,249,910,444"
"Jul 09, 2020","$16,860,035,605"
"Jul 08, 2020","$18,000,702,524"
"Jul 07, 2020","$19,702,359,883"
"Jul 06, 2020","$13,839,652,595"
"Jul 05, 2020","$17,889,263,252"
"Jul 04, 2020","$12,903,406,143"
"Jul 03, 2020","$12,290,528,515"
"Jul 02, 2020","$13,078,970,999"
"Jul 01, 2020","$16,338,916,796"
"Jun 30, 2020","$15,971,550,355"
"Jun 29, 2020","$15,735,797,744"
"Jun 28, 2020","$16,460,547,078"
"Jun 27, 2020","$14,560,870,760"
"Jun 26, 2020","$17,273,093,144"
"Jun 25, 2020","$18,341,465,837"
"Jun 24, 2020","$18,616,048,626"
"Jun 23, 2020","$18,961,716,076"
"Jun 22, 2020","$17,006,433,272"
"Jun 21, 2020","$21,104,009,514"
"Jun 20, 2020","$15,324,301,169"
"Jun 19, 2020","$17,130,541,557"
"Jun 18, 2020","$19,632,223,107"
"Jun 17, 2020","$17,770,083,003"
"Jun 16, 2020","$20,177,709,879"
"Jun 15, 2020","$21,565,537,209"
"Jun 14, 2020","$26,699,704,768"
"Jun 13, 2020","$18,991,732,746"
"Jun 12, 2020","$17,564,322,315"
"Jun 11, 2020","$22,610,564,515"
"Jun 10, 2020","$30,247,143,440"
"Jun 09, 2020","$25,706,567,601"
"Jun 08, 2020","$23,717,842,783"
"Jun 07, 2020","$21,486,346,312"
"Jun 06, 2020","$25,015,250,846"
"Jun 05, 2020","$20,438,419,222"
"Jun 04, 2020","$23,509,628,646"
"Jun 03, 2020","$25,921,805,072"
"Jun 02, 2020","$25,007,459,262"
"Jun 01, 2020","$39,137,252,109"
"May 31, 2020","$35,198,901,068"
"May 30, 2020","$27,773,290,299"
"May 29, 2020","$32,722,975,141"
"May 28, 2020","$32,896,642,044"
"May 27, 2020","$34,367,073,114"
"May 26, 2020","$32,740,536,902"
"May 25, 2020","$29,584,186,947"
"May 24, 2020","$31,288,157,264"
"May 23, 2020","$32,518,803,300"
"May 22, 2020","$27,727,866,812"
"May 21, 2020","$29,810,773,699"
"May 20, 2020","$39,326,160,532"
"May 19, 2020","$36,546,239,703"
"May 18, 2020","$39,254,288,955"
"May 17, 2020","$41,827,139,896"
"May 16, 2020","$40,084,250,663"
"May 15, 2020","$36,164,766,408"
"May 14, 2020","$48,158,802,327"
"May 13, 2020","$56,426,907,637"
"May 12, 2020","$45,558,144,023"
"May 11, 2020","$42,142,717,533"
"May 10, 2020","$57,119,858,802"
"May 09, 2020","$63,325,279,337"
"May 08, 2020","$46,566,121,841"
"May 07, 2020","$51,780,748,042"
"May 06, 2020","$61,112,700,562"
"May 05, 2020","$49,371,886,931"
"May 04, 2020","$43,148,462,663"
"May 03, 2020","$45,718,796,276"
"May 02, 2020","$47,101,785,174"
"May 01, 2020","$40,134,388,683"
"Apr 30, 2020","$44,068,389,997"
"Apr 29, 2020","$66,964,629,541"
"Apr 28, 2020","$60,201,052,203"
"Apr 27, 2020","$33,187,959,921"
"Apr 26, 2020","$36,162,144,725"
"Apr 25, 2020","$33,070,154,491"
"Apr 24, 2020","$32,941,541,447"
"Apr 23, 2020","$34,636,526,286"
"Apr 22, 2020","$43,500,782,316"
"Apr 21, 2020","$33,249,153,866"
"Apr 20, 2020","$32,589,741,511"
"Apr 19, 2020","$37,747,113,936"
"Apr 18, 2020","$31,311,210,215"
"Apr 17, 2020","$32,447,188,386"
"Apr 16, 2020","$32,513,423,567"
"Apr 15, 2020","$46,783,242,377"
"Apr 14, 2020","$32,288,311,031"
"Apr 13, 2020","$34,110,434,052"
"Apr 12, 2020","$38,619,308,647"
"Apr 11, 2020","$35,759,567,632"
"Apr 10, 2020","$31,222,085,946"
"Apr 09, 2020","$43,622,840,992"
"Apr 08, 2020","$34,815,139,178"
"Apr 07, 2020","$37,563,249,549"
"Apr 06, 2020","$44,243,482,668"
"Apr 05, 2020","$46,896,904,615"
"Apr 04, 2020","$29,510,409,856"
"Apr 03, 2020","$33,185,988,584"
"Apr 02, 2020","$38,976,504,903"
"Apr 01, 2020","$47,660,646,124"
"Mar 31, 2020","$40,346,426,266"
"Mar 30, 2020","$32,786,468,812"
"Mar 29, 2020","$37,101,651,525"
"Mar 28, 2020","$28,373,690,931"
"Mar 27, 2020","$34,885,225,901"
"Mar 26, 2020","$34,585,598,367"
"Mar 25, 2020","$35,319,797,642"
"Mar 24, 2020","$44,590,107,888"
"Mar 23, 2020","$48,221,910,672"
"Mar 22, 2020","$46,491,916,000"
"Mar 21, 2020","$40,099,664,740"
"Mar 20, 2020","$42,494,390,880"
"Mar 19, 2020","$54,442,976,103"
"Mar 18, 2020","$51,000,731,797"
"Mar 17, 2020","$37,878,801,016"
"Mar 16, 2020","$38,622,642,935"
"Mar 15, 2020","$45,368,026,430"
"Mar 14, 2020","$33,997,889,639"
"Mar 13, 2020","$36,154,506,008"
"Mar 12, 2020","$74,156,772,075"
"Mar 11, 2020","$53,980,357,243"
"Mar 10, 2020","$38,682,762,605"
"Mar 09, 2020","$42,213,940,994"
"Mar 08, 2020","$46,936,995,808"
"Mar 07, 2020","$39,973,102,121"
"Mar 06, 2020","$36,216,930,370"
"Mar 05, 2020","$40,826,885,651"
"Mar 04, 2020","$39,698,054,597"
"Mar 03, 2020","$34,746,706,368"
"Mar 02, 2020","$42,386,715,821"
"Mar 01, 2020","$42,857,674,409"
"Feb 29, 2020","$35,349,164,300"
"Feb 28, 2020","$35,792,392,544"
"Feb 27, 2020","$44,605,450,443"
"Feb 26, 2020","$45,470,195,695"
"Feb 25, 2020","$50,420,050,762"
"Feb 24, 2020","$42,515,259,129"
"Feb 23, 2020","$45,080,496,648"
"Feb 22, 2020","$41,185,185,761"
"Feb 21, 2020","$35,838,025,154"
"Feb 20, 2020","$40,930,547,513"
"Feb 19, 2020","$44,925,260,237"
"Feb 18, 2020","$46,992,019,710"
"Feb 17, 2020","$47,271,023,953"
"Feb 16, 2020","$45,998,298,413"
"Feb 15, 2020","$43,374,780,305"
"Feb 14, 2020","$43,865,054,831"
"Feb 13, 2020","$43,338,264,162"
"Feb 12, 2020","$49,356,071,373"
"Feb 11, 2020","$43,444,303,830"
"Feb 10, 2020","$37,648,059,389"
"Feb 09, 2020","$39,386,548,075"
"Feb 08, 2020","$35,807,884,663"
"Feb 07, 2020","$35,172,043,762"
"Feb 06, 2020","$34,522,718,159"
"Feb 05, 2020","$37,628,823,716"
"Feb 04, 2020","$35,222,060,874"
"Feb 03, 2020","$29,893,183,716"
"Feb 02, 2020","$30,934,096,509"
"Feb 01, 2020","$30,835,736,946"
"Jan 31, 2020","$25,922,656,496"
"Jan 30, 2020","$29,432,489,719"
"Jan 29, 2020","$32,378,792,851"
"Jan 28, 2020","$30,682,598,115"
"Jan 27, 2020","$34,398,744,403"
"Jan 26, 2020","$28,647,338,393"
"Jan 25, 2020","$22,177,678,796"
"Jan 24, 2020","$19,647,331,549"
"Jan 23, 2020","$24,397,913,026"
"Jan 22, 2020","$25,770,680,779"
"Jan 21, 2020","$22,600,204,051"
"Jan 20, 2020","$24,097,418,512"
"Jan 19, 2020","$26,422,375,678"
"Jan 18, 2020","$34,217,320,471"
"Jan 17, 2020","$32,337,772,627"
"Jan 16, 2020","$36,372,139,320"
"Jan 15, 2020","$31,313,981,931"
"Jan 14, 2020","$40,102,834,650"
"Jan 13, 2020","$44,841,784,107"
"Jan 12, 2020","$22,482,910,688"
"Jan 11, 2020","$22,903,438,381"
"Jan 10, 2020","$25,521,165,085"
"Jan 09, 2020","$28,714,583,844"
"Jan 08, 2020","$24,045,990,466"
"Jan 07, 2020","$31,672,559,265"
"Jan 06, 2020","$28,767,291,327"
"Jan 05, 2020","$23,276,261,598"
"Jan 04, 2020","$19,725,074,095"
"Jan 03, 2020","$18,444,271,275"
"Jan 02, 2020","$28,111,481,032"
"Jan 01, 2020","$20,802,083,465"
"Dec 31, 2019","$18,565,664,997"
"Dec 30, 2019","$21,167,946,112"
"Dec 29, 2019","$22,874,131,672"
"Dec 28, 2019","$22,445,257,702"
"Dec 27, 2019","$21,365,673,026"
"Dec 26, 2019","$22,777,360,996"
"Dec 25, 2019","$22,787,010,034"
"Dec 24, 2019","$21,559,505,149"
"Dec 23, 2019","$22,991,622,105"
"Dec 22, 2019","$27,831,788,041"
"Dec 21, 2019","$23,134,537,956"
"Dec 20, 2019","$19,312,552,168"
"Dec 19, 2019","$22,633,815,180"
"Dec 18, 2019","$25,904,604,416"
"Dec 17, 2019","$31,836,522,778"
"Dec 16, 2019","$22,363,804,217"
"Dec 15, 2019","$20,213,265,950"
"Dec 14, 2019","$16,881,129,804"
"Dec 13, 2019","$17,137,029,730"
"Dec 12, 2019","$17,125,736,940"
"Dec 11, 2019","$18,927,080,224"
"Dec 10, 2019","$16,350,490,689"
"Dec 09, 2019","$18,249,031,195"
"Dec 08, 2019","$17,872,021,272"
"Dec 07, 2019","$15,409,908,086"
"Dec 06, 2019","$15,453,520,564"
"Dec 05, 2019","$18,104,466,307"
"Dec 04, 2019","$18,816,085,231"
"Dec 03, 2019","$21,664,240,918"
"Dec 02, 2019","$14,797,485,769"
"Dec 01, 2019","$17,082,040,706"
"Nov 30, 2019","$18,720,708,479"
"Nov 29, 2019","$17,158,194,786"
"Nov 28, 2019","$19,709,695,456"
"Nov 27, 2019","$19,050,116,751"
"Nov 26, 2019","$23,991,412,764"
"Nov 25, 2019","$21,129,505,542"
"Nov 24, 2019","$42,685,231,262"
"Nov 23, 2019","$30,433,517,289"
"Nov 22, 2019","$21,008,924,418"
"Nov 21, 2019","$34,242,315,785"
"Nov 20, 2019","$22,514,243,371"
"Nov 19, 2019","$20,764,300,437"
"Nov 18, 2019","$21,083,613,816"
"Nov 17, 2019","$21,579,470,673"
"Nov 16, 2019","$18,668,638,897"
"Nov 15, 2019","$16,495,389,808"
"Nov 14, 2019","$21,796,856,471"
"Nov 13, 2019","$19,084,739,975"
"Nov 12, 2019","$17,545,755,405"
"Nov 11, 2019","$20,309,769,107"
"Nov 10, 2019","$20,265,510,765"
"Nov 09, 2019","$20,587,919,881"
"Nov 08, 2019","$17,578,630,606"
"Nov 07, 2019","$24,333,037,836"
"Nov 06, 2019","$22,700,383,839"
"Nov 05, 2019","$23,133,895,765"
"Nov 04, 2019","$26,198,609,048"
"Nov 03, 2019","$26,170,255,634"
"Nov 02, 2019","$21,132,220,847"
"Nov 01, 2019","$21,242,676,385"
"Oct 31, 2019","$24,324,691,031"
"Oct 30, 2019","$26,583,653,947"
"Oct 29, 2019","$27,706,531,577"
"Oct 28, 2019","$28,426,779,937"
"Oct 27, 2019","$30,948,255,332"
"Oct 26, 2019","$32,593,129,501"
"Oct 25, 2019","$44,496,255,609"
"Oct 24, 2019","$28,705,065,488"
"Oct 23, 2019","$16,268,708,849"
"Oct 22, 2019","$21,942,878,958"
"Oct 21, 2019","$16,803,377,857"
"Oct 20, 2019","$15,868,748,866"
"Oct 19, 2019","$15,504,249,442"
"Oct 18, 2019","$13,797,825,640"
"Oct 17, 2019","$15,651,592,610"
"Oct 16, 2019","$14,313,052,244"
"Oct 15, 2019","$16,071,646,996"
"Oct 14, 2019","$15,220,412,632"
"Oct 13, 2019","$15,151,387,859"
"Oct 12, 2019","$13,808,286,059"
"Oct 11, 2019","$14,532,641,605"
"Oct 10, 2019","$19,604,381,101"
"Oct 09, 2019","$17,618,660,671"
"Oct 08, 2019","$19,384,942,333"
"Oct 07, 2019","$15,592,264,032"
"Oct 06, 2019","$18,009,742,607"
"Oct 05, 2019","$13,160,830,305"
"Oct 04, 2019","$12,200,497,197"
"Oct 03, 2019","$13,139,456,229"
"Oct 02, 2019","$13,668,823,409"
"Oct 01, 2019","$13,125,712,443"
"Sep 30, 2019","$15,305,343,413"
"Sep 29, 2019","$17,115,474,183"
"Sep 28, 2019","$13,034,629,109"
"Sep 27, 2019","$14,141,152,736"
"Sep 26, 2019","$16,408,941,156"
"Sep 25, 2019","$19,258,205,289"
"Sep 24, 2019","$21,744,728,353"
"Sep 23, 2019","$25,002,886,689"
"Sep 22, 2019","$15,144,925,408"
"Sep 21, 2019","$13,199,651,698"
"Sep 20, 2019","$13,425,266,806"
"Sep 19, 2019","$14,734,189,639"
"Sep 18, 2019","$19,937,691,247"
"Sep 17, 2019","$16,169,268,880"
"Sep 16, 2019","$15,304,603,363"
"Sep 15, 2019","$15,160,167,779"
"Sep 14, 2019","$12,043,433,567"
"Sep 13, 2019","$13,468,713,124"
"Sep 12, 2019","$14,109,864,675"
"Sep 11, 2019","$15,323,563,925"
"Sep 10, 2019","$15,428,063,426"
"Sep 09, 2019","$14,906,809,639"
"Sep 08, 2019","$17,595,943,368"
"Sep 07, 2019","$13,670,567,493"
"Sep 06, 2019","$15,307,366,476"
"Sep 05, 2019","$19,536,574,783"
"Sep 04, 2019","$14,551,239,508"
"Sep 03, 2019","$16,742,664,769"
"Sep 02, 2019","$19,384,917,989"
"Sep 01, 2019","$17,248,102,294"
"Aug 31, 2019","$11,445,355,859"
"Aug 30, 2019","$11,454,806,419"
"Aug 29, 2019","$13,595,263,986"
"Aug 28, 2019","$17,045,878,501"
"Aug 27, 2019","$17,603,790,323"
"Aug 26, 2019","$14,762,609,503"
"Aug 25, 2019","$18,438,654,080"
"Aug 24, 2019","$14,153,856,610"
"Aug 23, 2019","$15,451,030,650"
"Aug 22, 2019","$15,627,023,886"
"Aug 21, 2019","$17,097,508,856"
"Aug 20, 2019","$19,473,084,768"
"Aug 19, 2019","$15,053,082,175"
"Aug 18, 2019","$16,038,264,603"
"Aug 17, 2019","$12,999,813,869"
"Aug 16, 2019","$13,778,035,685"
"Aug 15, 2019","$20,228,207,096"
"Aug 14, 2019","$22,899,115,082"
"Aug 13, 2019","$19,990,838,300"
"Aug 12, 2019","$16,681,503,537"
"Aug 11, 2019","$13,647,198,229"
"Aug 10, 2019","$15,774,371,518"
"Aug 09, 2019","$18,125,355,447"
"Aug 08, 2019","$18,339,989,960"
"Aug 07, 2019","$19,481,591,730"
"Aug 06, 2019","$22,194,988,641"
"Aug 05, 2019","$23,635,107,660"
"Aug 04, 2019","$23,875,988,832"
"Aug 03, 2019","$16,530,894,787"
"Aug 02, 2019","$15,352,685,061"
"Aug 01, 2019","$17,489,094,082"
"Jul 31, 2019","$17,165,337,858"
"Jul 30, 2019","$16,631,520,648"
"Jul 29, 2019","$13,829,811,132"
"Jul 28, 2019","$13,791,445,323"
"Jul 27, 2019","$13,738,687,093"
"Jul 26, 2019","$16,817,809,536"
"Jul 25, 2019","$14,495,714,483"
"Jul 24, 2019","$15,821,952,090"
"Jul 23, 2019","$17,398,734,322"
"Jul 22, 2019","$17,851,916,995"
"Jul 21, 2019","$16,334,414,913"
"Jul 20, 2019","$17,130,580,467"
"Jul 19, 2019","$20,206,615,155"
"Jul 18, 2019","$20,727,426,310"
"Jul 17, 2019","$25,187,024,648"
"Jul 16, 2019","$24,569,921,549"
"Jul 15, 2019","$24,151,199,070"
"Jul 14, 2019","$25,384,047,207"
"Jul 13, 2019","$22,486,000,001"
"Jul 12, 2019","$21,042,616,384"
"Jul 11, 2019","$23,534,692,797"
"Jul 10, 2019","$28,595,327,690"
"Jul 09, 2019","$33,627,574,244"
"Jul 08, 2019","$28,167,921,523"
"Jul 07, 2019","$23,482,551,458"
"Jul 06, 2019","$19,369,044,277"
"Jul 05, 2019","$21,092,024,306"
"Jul 04, 2019","$23,838,480,210"
"Jul 03, 2019","$25,920,294,033"
"Jul 02, 2019","$30,796,494,294"
"Jul 01, 2019","$31,015,895,223"
"Jun 30, 2019","$29,378,589,324"
"Jun 29, 2019","$27,256,473,494"
"Jun 28, 2019","$29,923,961,128"
"Jun 27, 2019","$35,087,757,766"
"Jun 26, 2019","$39,977,475,223"
"Jun 25, 2019","$45,105,733,173"
"Jun 24, 2019","$24,879,684,533"
"Jun 23, 2019","$19,271,652,365"
"Jun 22, 2019","$20,998,326,502"
"Jun 21, 2019","$29,995,204,861"
"Jun 20, 2019","$20,624,008,643"
"Jun 19, 2019","$17,846,823,784"
"Jun 18, 2019","$15,546,809,946"
"Jun 17, 2019","$15,848,210,536"
"Jun 16, 2019","$15,562,951,919"
"Jun 15, 2019","$23,348,550,311"
"Jun 14, 2019","$18,371,033,226"
"Jun 13, 2019","$19,831,162,906"
"Jun 12, 2019","$18,669,407,147"
"Jun 11, 2019","$19,034,432,883"
"Jun 10, 2019","$17,107,279,932"
"Jun 09, 2019","$18,689,275,117"
"Jun 08, 2019","$16,610,726,547"
"Jun 07, 2019","$16,522,722,810"
"Jun 06, 2019","$19,141,423,231"
"Jun 05, 2019","$19,474,611,077"
"Jun 04, 2019","$21,760,923,463"
"Jun 03, 2019","$24,609,731,549"
"Jun 02, 2019","$22,004,511,436"
"Jun 01, 2019","$20,266,216,022"
"May 31, 2019","$22,488,303,544"
"May 30, 2019","$25,365,190,957"
"May 29, 2019","$29,246,528,551"
"May 28, 2019","$23,473,479,966"
"May 27, 2019","$24,226,919,267"
"May 26, 2019","$27,949,839,564"
"May 25, 2019","$26,677,970,091"
"May 24, 2019","$22,256,813,107"
"May 23, 2019","$25,919,126,991"
"May 22, 2019","$24,457,107,820"
"May 21, 2019","$24,719,473,175"
"May 20, 2019","$25,127,245,056"
"May 19, 2019","$23,843,404,340"
"May 18, 2019","$25,902,422,040"
"May 17, 2019","$21,354,286,562"
"May 16, 2019","$30,066,644,905"
"May 15, 2019","$33,167,197,581"
"May 14, 2019","$28,344,112,920"
"May 13, 2019","$32,031,452,227"
"May 12, 2019","$28,677,672,181"
"May 11, 2019","$27,773,333,680"
"May 10, 2019","$28,867,562,329"
"May 09, 2019","$19,419,875,368"
"May 08, 2019","$16,784,645,411"
"May 07, 2019","$15,320,605,300"
"May 06, 2019","$18,026,409,033"
"May 05, 2019","$15,737,171,804"
"May 04, 2019","$14,808,830,723"
"May 03, 2019","$17,567,780,766"
"May 02, 2019","$18,720,780,006"
"May 01, 2019","$14,644,460,907"
"Apr 30, 2019","$13,679,528,236"
"Apr 29, 2019","$13,878,964,574"
"Apr 28, 2019","$13,735,490,672"
"Apr 27, 2019","$12,819,992,056"
"Apr 26, 2019","$13,111,274,675"
"Apr 25, 2019","$16,812,108,040"
"Apr 24, 2019","$15,330,283,408"
"Apr 23, 2019","$17,048,033,399"
"Apr 22, 2019","$15,867,308,108"
"Apr 21, 2019","$14,601,631,648"
"Apr 20, 2019","$13,731,844,223"
"Apr 19, 2019","$13,169,647,522"
"Apr 18, 2019","$13,780,238,655"
"Apr 17, 2019","$13,256,489,918"
"Apr 16, 2019","$12,438,480,677"
"Apr 15, 2019","$11,618,660,197"
"Apr 14, 2019","$12,290,155,061"
"Apr 13, 2019","$10,391,952,498"
"Apr 12, 2019","$10,823,289,598"
"Apr 11, 2019","$13,675,206,312"
"Apr 10, 2019","$16,555,616,019"
"Apr 09, 2019","$15,504,590,933"
"Apr 08, 2019","$14,722,104,361"
"Apr 07, 2019","$17,154,113,634"
"Apr 06, 2019","$16,655,416,140"
"Apr 05, 2019","$16,929,795,194"
"Apr 04, 2019","$16,837,325,387"
"Apr 03, 2019","$18,251,810,240"
"Apr 02, 2019","$22,899,891,582"
"Apr 01, 2019","$21,315,047,816"
"Mar 31, 2019","$10,157,794,171"
"Mar 30, 2019","$9,045,122,443"
"Mar 29, 2019","$9,732,688,060"
"Mar 28, 2019","$10,918,665,557"
"Mar 27, 2019","$9,353,915,899"
"Mar 26, 2019","$10,897,131,934"
"Mar 25, 2019","$10,707,678,815"
"Mar 24, 2019","$10,359,818,883"
"Mar 23, 2019","$9,144,851,065"
"Mar 22, 2019","$9,578,850,549"
"Mar 21, 2019","$9,252,935,969"
"Mar 20, 2019","$10,831,212,662"
"Mar 19, 2019","$10,175,916,388"
"Mar 18, 2019","$9,344,919,956"
"Mar 17, 2019","$9,646,954,186"
"Mar 16, 2019","$8,221,625,400"
"Mar 15, 2019","$9,856,166,973"
"Mar 14, 2019","$9,394,210,605"
"Mar 13, 2019","$10,480,789,570"
"Mar 12, 2019","$9,469,184,841"
"Mar 11, 2019","$9,809,887,079"
"Mar 10, 2019","$10,125,901,903"
"Mar 09, 2019","$9,713,267,607"
"Mar 08, 2019","$10,796,103,518"
"Mar 07, 2019","$10,638,638,944"
"Mar 06, 2019","$9,584,165,519"
"Mar 05, 2019","$9,175,291,529"
"Mar 04, 2019","$10,174,126,415"
"Mar 03, 2019","$9,029,175,788"
"Mar 02, 2019","$7,253,558,152"
"Mar 01, 2019","$7,578,786,076"
"Feb 28, 2019","$7,661,247,975"
"Feb 27, 2019","$8,399,767,798"
"Feb 26, 2019","$8,301,309,684"
"Feb 25, 2019","$7,931,218,996"
"Feb 24, 2019","$9,318,796,067"
"Feb 23, 2019","$10,794,227,451"
"Feb 22, 2019","$8,922,258,316"
"Feb 21, 2019","$7,826,525,254"
"Feb 20, 2019","$7,775,128,102"
"Feb 19, 2019","$8,693,373,948"
"Feb 18, 2019","$9,933,626,655"
"Feb 17, 2019","$9,908,216,640"
"Feb 16, 2019","$7,039,512,503"
"Feb 15, 2019","$5,934,744,052"
"Feb 14, 2019","$6,091,952,231"
"Feb 13, 2019","$6,271,044,418"
"Feb 12, 2019","$6,438,903,823"
"Feb 11, 2019","$6,480,384,532"
"Feb 10, 2019","$6,277,056,434"
"Feb 09, 2019","$6,282,256,903"
"Feb 08, 2019","$6,158,833,645"
"Feb 07, 2019","$7,735,623,101"
"Feb 06, 2019","$5,004,962,683"
"Feb 05, 2019","$5,482,196,038"
"Feb 04, 2019","$5,227,549,545"
"Feb 03, 2019","$5,332,718,886"
"Feb 02, 2019","$5,043,937,584"
"Feb 01, 2019","$5,071,623,601"
"Jan 31, 2019","$5,422,926,707"
"Jan 30, 2019","$5,831,198,271"
"Jan 29, 2019","$5,955,112,627"
"Jan 28, 2019","$5,897,159,493"
"Jan 27, 2019","$6,908,930,483"
"Jan 26, 2019","$5,570,752,966"
"Jan 25, 2019","$5,098,183,235"
"Jan 24, 2019","$5,265,847,539"
"Jan 23, 2019","$5,262,869,046"
"Jan 22, 2019","$5,433,755,649"
"Jan 21, 2019","$5,313,623,556"
"Jan 20, 2019","$5,004,347,059"
"Jan 19, 2019","$5,582,489,560"
"Jan 18, 2019","$5,955,691,380"
"Jan 17, 2019","$5,002,961,727"
"Jan 16, 2019","$5,464,420,383"
"Jan 15, 2019","$5,394,457,145"
"Jan 14, 2019","$5,537,192,302"
"Jan 13, 2019","$5,651,384,490"
"Jan 12, 2019","$4,681,302,466"
"Jan 11, 2019","$4,778,170,883"
"Jan 10, 2019","$5,538,712,865"
"Jan 09, 2019","$6,874,143,796"
"Jan 08, 2019","$5,115,905,225"
"Jan 07, 2019","$5,306,593,305"
"Jan 06, 2019","$5,228,625,637"
"Jan 05, 2019","$5,597,027,440"
"Jan 04, 2019","$5,137,609,824"
"Jan 03, 2019","$4,847,965,467"
"Jan 02, 2019","$4,530,215,219"
"Jan 01, 2019","$5,244,856,836"
"Dec 31, 2018","$4,324,200,990"
"Dec 30, 2018","$4,661,840,806"
"Dec 29, 2018","$4,770,578,575"
"Dec 28, 2018","$4,991,655,917"
"Dec 27, 2018","$5,631,554,348"
"Dec 26, 2018","$5,130,222,366"
"Dec 25, 2018","$5,326,547,918"
"Dec 24, 2018","$6,158,207,293"
"Dec 23, 2018","$7,240,968,501"
"Dec 22, 2018","$6,151,275,490"
"Dec 21, 2018","$5,605,823,233"
"Dec 20, 2018","$7,206,015,706"
"Dec 19, 2018","$8,927,129,279"
"Dec 18, 2018","$6,810,689,119"
"Dec 17, 2018","$5,911,325,473"
"Dec 16, 2018","$5,409,247,918"
"Dec 15, 2018","$3,744,248,994"
"Dec 14, 2018","$3,551,763,561"
"Dec 13, 2018","$4,372,763,663"
"Dec 12, 2018","$4,343,372,456"
"Dec 11, 2018","$4,139,364,829"
"Dec 10, 2018","$4,696,765,188"
"Dec 09, 2018","$5,020,968,740"
"Dec 08, 2018","$4,947,372,847"
"Dec 07, 2018","$5,305,024,497"
"Dec 06, 2018","$6,835,615,448"
"Dec 05, 2018","$5,878,333,109"
"Dec 04, 2018","$5,302,481,574"
"Dec 03, 2018","$5,028,069,239"
"Dec 02, 2018","$5,089,570,994"
"Dec 01, 2018","$5,262,697,895"
"Nov 30, 2018","$5,375,314,093"
"Nov 29, 2018","$6,048,016,717"
"Nov 28, 2018","$6,503,347,767"
"Nov 27, 2018","$7,280,280,000"
"Nov 26, 2018","$5,998,720,000"
"Nov 25, 2018","$6,476,900,000"
"Nov 24, 2018","$6,825,640,000"
"Nov 23, 2018","$4,679,500,000"
"Nov 22, 2018","$4,871,490,000"
"Nov 21, 2018","$4,569,370,000"
"Nov 20, 2018","$6,120,120,000"
"Nov 19, 2018","$8,428,290,000"
"Nov 18, 2018","$7,039,560,000"
"Nov 17, 2018","$4,159,680,000"
"Nov 16, 2018","$4,303,150,000"
"Nov 15, 2018","$5,279,320,000"
"Nov 14, 2018","$7,032,140,000"
"Nov 13, 2018","$7,398,940,000"
"Nov 12, 2018","$4,503,800,000"
"Nov 11, 2018","$4,295,770,000"
"Nov 10, 2018","$3,939,060,000"
"Nov 09, 2018","$3,705,320,000"
"Nov 08, 2018","$4,346,820,000"
"Nov 07, 2018","$4,665,260,000"
"Nov 06, 2018","$4,941,260,000"
"Nov 05, 2018","$4,700,040,000"
"Nov 04, 2018","$4,174,800,000"
"Nov 03, 2018","$4,390,020,000"
"Nov 02, 2018","$3,658,640,000"
"Nov 01, 2018","$4,234,870,000"
"Oct 31, 2018","$3,789,400,000"
"Oct 30, 2018","$4,191,240,000"
"Oct 29, 2018","$3,781,100,000"
"Oct 28, 2018","$4,199,910,000"
"Oct 27, 2018","$3,445,190,000"
"Oct 26, 2018","$3,393,250,000"
"Oct 25, 2018","$3,306,050,000"
"Oct 24, 2018","$3,230,550,000"
"Oct 23, 2018","$3,424,670,000"
"Oct 22, 2018","$3,716,150,000"
"Oct 21, 2018","$3,672,860,000"
"Oct 20, 2018","$3,253,610,000"
"Oct 19, 2018","$3,379,130,000"
"Oct 18, 2018","$3,578,870,000"
"Oct 17, 2018","$3,924,080,000"
"Oct 16, 2018","$4,088,420,000"
"Oct 15, 2018","$4,074,800,000"
"Oct 14, 2018","$7,370,770,000"
"Oct 13, 2018","$3,085,320,000"
"Oct 12, 2018","$3,064,030,000"
"Oct 11, 2018","$3,783,500,000"
"Oct 10, 2018","$5,181,640,000"
"Oct 09, 2018","$3,787,650,000"
"Oct 08, 2018","$3,580,810,000"
"Oct 07, 2018","$3,979,460,000"
"Oct 06, 2018","$3,306,630,000"
"Oct 05, 2018","$3,259,740,000"
"Oct 04, 2018","$3,671,500,000"
"Oct 03, 2018","$3,838,410,000"
"Oct 02, 2018","$3,887,310,000"
"Oct 01, 2018","$3,979,260,000"
"Sep 30, 2018","$4,000,970,000"
"Sep 29, 2018","$4,002,280,000"
"Sep 28, 2018","$4,363,690,000"
"Sep 27, 2018","$5,014,430,000"
"Sep 26, 2018","$4,606,810,000"
"Sep 25, 2018","$4,437,300,000"
"Sep 24, 2018","$4,726,180,000"
"Sep 23, 2018","$4,177,310,000"
"Sep 22, 2018","$4,197,500,000"
"Sep 21, 2018","$4,509,660,000"
"Sep 20, 2018","$6,531,940,000"
"Sep 19, 2018","$4,348,110,000"
"Sep 18, 2018","$4,431,340,000"
"Sep 17, 2018","$4,180,090,000"
"Sep 16, 2018","$3,910,780,000"
"Sep 15, 2018","$3,273,730,000"
"Sep 14, 2018","$3,216,300,000"
"Sep 13, 2018","$4,076,220,000"
"Sep 12, 2018","$4,210,910,000"
"Sep 11, 2018","$4,064,230,000"
"Sep 10, 2018","$3,849,910,000"
"Sep 09, 2018","$3,714,100,000"
"Sep 08, 2018","$3,671,890,000"
"Sep 07, 2018","$3,835,060,000"
"Sep 06, 2018","$4,264,680,000"
"Sep 05, 2018","$5,523,470,000"
"Sep 04, 2018","$5,800,460,000"
"Sep 03, 2018","$4,273,640,000"
"Sep 02, 2018","$4,087,760,000"
"Sep 01, 2018","$4,329,540,000"
"Aug 31, 2018","$4,116,050,000"
"Aug 30, 2018","$4,495,650,000"
"Aug 29, 2018","$4,463,250,000"
"Aug 28, 2018","$4,145,880,000"
"Aug 27, 2018","$4,659,940,000"
"Aug 26, 2018","$4,019,000,000"
"Aug 25, 2018","$3,295,500,000"
"Aug 24, 2018","$3,312,600,000"
"Aug 23, 2018","$4,097,820,000"
"Aug 22, 2018","$3,426,180,000"
"Aug 21, 2018","$4,668,110,000"
"Aug 20, 2018","$3,377,180,000"
"Aug 19, 2018","$3,665,100,000"
"Aug 18, 2018","$3,311,170,000"
"Aug 17, 2018","$3,984,520,000"
"Aug 16, 2018","$4,992,990,000"
"Aug 15, 2018","$4,328,420,000"
"Aug 14, 2018","$4,895,450,000"
"Aug 13, 2018","$5,301,700,000"
"Aug 12, 2018","$4,083,980,000"
"Aug 11, 2018","$5,665,250,000"
"Aug 10, 2018","$4,047,850,000"
"Aug 09, 2018","$4,528,680,000"
"Aug 08, 2018","$4,267,040,000"
"Aug 07, 2018","$5,064,430,000"
"Aug 06, 2018","$4,682,800,000"
"Aug 05, 2018","$3,925,900,000"
"Aug 04, 2018","$3,679,110,000"
"Aug 03, 2018","$4,268,390,000"
"Aug 02, 2018","$4,627,150,000"
"Aug 01, 2018","$4,214,110,000"
"Jul 31, 2018","$4,797,620,000"
"Jul 30, 2018","$5,287,530,000"
"Jul 29, 2018","$5,551,400,000"
"Jul 28, 2018","$4,107,190,016"
"Jul 27, 2018","$3,988,750,080"
"Jul 26, 2018","$5,195,879,936"
"Jul 25, 2018","$4,899,089,920"
"Jul 24, 2018","$5,845,400,064"
"Jul 23, 2018","$7,277,689,856"
"Jul 22, 2018","$5,132,480,000"
"Jul 21, 2018","$3,695,460,096"
"Jul 20, 2018","$3,726,609,920"
"Jul 19, 2018","$4,936,869,888"
"Jul 18, 2018","$5,111,629,824"
"Jul 17, 2018","$6,103,410,176"
"Jul 16, 2018","$5,961,950,208"
"Jul 15, 2018","$4,725,799,936"
"Jul 14, 2018","$3,285,459,968"
"Jul 13, 2018","$2,923,670,016"
"Jul 12, 2018","$3,805,400,064"
"Jul 11, 2018","$3,770,170,112"
"Jul 10, 2018","$3,644,859,904"
"Jul 09, 2018","$4,052,430,080"
"Jul 08, 2018","$3,718,129,920"
"Jul 07, 2018","$3,386,210,048"
"Jul 06, 2018","$3,961,080,064"
"Jul 05, 2018","$4,313,959,936"
"Jul 04, 2018","$4,999,240,192"
"Jul 03, 2018","$4,176,689,920"
"Jul 02, 2018","$4,672,309,760"
"Jul 01, 2018","$4,396,930,048"
"Jun 30, 2018","$4,788,259,840"
"Jun 29, 2018","$4,543,860,224"
"Jun 28, 2018","$3,966,230,016"
"Jun 27, 2018","$3,467,800,064"
"Jun 26, 2018","$3,296,219,904"
"Jun 25, 2018","$3,279,759,872"
"Jun 24, 2018","$5,500,810,240"
"Jun 23, 2018","$4,566,909,952"
"Jun 22, 2018","$3,431,360,000"
"Jun 21, 2018","$5,079,810,048"
"Jun 20, 2018","$3,529,129,984"
"Jun 19, 2018","$3,888,640,000"
"Jun 18, 2018","$4,057,029,888"
"Jun 17, 2018","$4,039,200,000"
"Jun 16, 2018","$3,104,019,968"
"Jun 15, 2018","$3,194,170,112"
"Jun 14, 2018","$3,955,389,952"
"Jun 13, 2018","$5,138,710,016"
"Jun 12, 2018","$5,052,349,952"
"Jun 11, 2018","$4,654,380,032"
"Jun 10, 2018","$4,745,269,760"
"Jun 09, 2018","$5,804,839,936"
"Jun 08, 2018","$3,845,220,096"
"Jun 07, 2018","$4,227,579,904"
"Jun 06, 2018","$4,485,799,936"
"Jun 05, 2018","$4,692,259,840"
"Jun 04, 2018","$4,961,739,776"
"Jun 03, 2018","$4,993,169,920"
"Jun 02, 2018","$4,851,760,128"
"Jun 01, 2018","$4,939,299,840"
"May 31, 2018","$4,921,460,224"
"May 30, 2018","$5,127,130,112"
"May 29, 2018","$4,922,540,032"
"May 28, 2018","$5,662,660,096"
"May 27, 2018","$5,040,600,064"
"May 26, 2018","$4,056,519,936"
"May 25, 2018","$4,051,539,968"
"May 24, 2018","$4,867,829,760"
"May 23, 2018","$6,049,220,096"
"May 22, 2018","$6,491,120,128"
"May 21, 2018","$5,137,010,176"
"May 20, 2018","$5,154,990,080"
"May 19, 2018","$5,191,059,968"
"May 18, 2018","$4,712,399,872"
"May 17, 2018","$5,764,190,208"
"May 16, 2018","$5,862,530,048"
"May 15, 2018","$6,760,220,160"
"May 14, 2018","$6,705,710,080"
"May 13, 2018","$7,364,149,760"
"May 12, 2018","$5,866,379,776"
"May 11, 2018","$6,821,380,096"
"May 10, 2018","$8,488,520,192"
"May 09, 2018","$6,906,699,776"
"May 08, 2018","$7,226,890,240"
"May 07, 2018","$7,415,869,952"
"May 06, 2018","$7,394,019,840"
"May 05, 2018","$7,222,280,192"
"May 04, 2018","$7,651,939,840"
"May 03, 2018","$8,217,829,888"
"May 02, 2018","$10,207,299,584"
"May 01, 2018","$7,558,159,872"
"Apr 30, 2018","$7,713,019,904"
"Apr 29, 2018","$8,673,920,000"
"Apr 28, 2018","$8,853,000,192"
"Apr 27, 2018","$7,805,479,936"
"Apr 26, 2018","$7,566,289,920"
"Apr 25, 2018","$8,970,559,488"
"Apr 24, 2018","$11,083,100,160"
"Apr 23, 2018","$10,678,800,384"
"Apr 22, 2018","$6,925,190,144"
"Apr 21, 2018","$6,629,899,776"
"Apr 20, 2018","$7,548,550,144"
"Apr 19, 2018","$8,438,110,208"
"Apr 18, 2018","$7,063,209,984"
"Apr 17, 2018","$6,529,909,760"
"Apr 16, 2018","$6,900,879,872"
"Apr 15, 2018","$5,631,309,824"
"Apr 14, 2018","$5,244,480,000"
"Apr 13, 2018","$5,191,430,144"
"Apr 12, 2018","$7,764,460,032"
"Apr 11, 2018","$8,906,250,240"
"Apr 10, 2018","$4,641,889,792"
"Apr 09, 2018","$4,272,750,080"
"Apr 08, 2018","$4,894,060,032"
"Apr 07, 2018","$3,652,499,968"
"Apr 06, 2018","$3,976,610,048"
"Apr 05, 2018","$3,766,810,112"
"Apr 04, 2018","$5,639,320,064"
"Apr 03, 2018","$4,936,000,000"
"Apr 02, 2018","$5,499,700,224"
"Apr 01, 2018","$4,333,440,000"
"Mar 31, 2018","$4,532,100,096"
"Mar 30, 2018","$4,553,269,760"
"Mar 29, 2018","$6,289,509,888"
"Mar 28, 2018","$6,361,229,824"
"Mar 27, 2018","$4,935,289,856"
"Mar 26, 2018","$5,378,250,240"
"Mar 25, 2018","$5,921,039,872"
"Mar 24, 2018","$4,569,880,064"
"Mar 23, 2018","$5,664,600,064"
"Mar 22, 2018","$5,954,120,192"
"Mar 21, 2018","$5,530,390,016"
"Mar 20, 2018","$6,043,129,856"
"Mar 19, 2018","$6,361,789,952"
"Mar 18, 2018","$6,729,110,016"
"Mar 17, 2018","$6,639,190,016"
"Mar 16, 2018","$4,426,149,888"
"Mar 15, 2018","$5,289,379,840"
"Mar 14, 2018","$6,834,429,952"
"Mar 13, 2018","$6,438,230,016"
"Mar 12, 2018","$5,991,139,840"
"Mar 11, 2018","$6,457,399,808"
"Mar 10, 2018","$6,296,370,176"
"Mar 09, 2018","$5,386,319,872"
"Mar 08, 2018","$8,704,190,464"
"Mar 07, 2018","$7,186,089,984"
"Mar 06, 2018","$8,797,910,016"
"Mar 05, 2018","$6,832,169,984"
"Mar 04, 2018","$6,468,539,904"
"Mar 03, 2018","$6,084,149,760"
"Mar 02, 2018","$6,690,570,240"
"Mar 01, 2018","$7,620,590,080"
"Feb 28, 2018","$7,317,279,744"
"Feb 27, 2018","$6,936,189,952"
"Feb 26, 2018","$6,966,179,840"
"Feb 25, 2018","$7,287,690,240"
"Feb 24, 2018","$5,706,939,904"
"Feb 23, 2018","$6,917,929,984"
"Feb 22, 2018","$7,739,500,032"
"Feb 21, 2018","$8,040,079,872"
"Feb 20, 2018","$9,405,339,648"
"Feb 19, 2018","$9,926,540,288"
"Feb 18, 2018","$7,652,089,856"
"Feb 17, 2018","$8,744,009,728"
"Feb 16, 2018","$8,660,880,384"
"Feb 15, 2018","$7,296,159,744"
"Feb 14, 2018","$9,062,540,288"
"Feb 13, 2018","$7,909,819,904"
"Feb 12, 2018","$5,696,719,872"
"Feb 11, 2018","$6,256,439,808"
"Feb 10, 2018","$6,122,189,824"
"Feb 09, 2018","$7,780,960,256"
"Feb 08, 2018","$6,784,820,224"
"Feb 07, 2018","$9,346,750,464"
"Feb 06, 2018","$9,169,280,000"
"Feb 05, 2018","$13,999,800,320"
"Feb 04, 2018","$9,285,289,984"
"Feb 03, 2018","$7,073,549,824"
"Feb 02, 2018","$7,263,790,080"
"Feb 01, 2018","$12,726,899,712"
"Jan 31, 2018","$9,959,400,448"
"Jan 30, 2018","$8,041,160,192"
"Jan 29, 2018","$8,637,859,840"
"Jan 28, 2018","$7,107,359,744"
"Jan 27, 2018","$8,350,360,064"
"Jan 26, 2018","$7,583,269,888"
"Jan 25, 2018","$9,746,199,552"
"Jan 24, 2018","$8,873,169,920"
"Jan 23, 2018","$9,940,989,952"
"Jan 22, 2018","$9,660,609,536"
"Jan 21, 2018","$10,537,400,320"
"Jan 20, 2018","$9,935,179,776"
"Jan 19, 2018","$11,801,700,352"
"Jan 18, 2018","$10,740,400,128"
"Jan 17, 2018","$15,020,399,616"
"Jan 16, 2018","$18,830,600,192"
"Jan 15, 2018","$18,853,799,936"
"Jan 14, 2018","$12,750,799,872"
"Jan 13, 2018","$11,084,099,584"
"Jan 12, 2018","$12,763,599,872"
"Jan 11, 2018","$12,065,699,840"
"Jan 10, 2018","$16,534,099,968"
"Jan 09, 2018","$18,500,800,512"
"Jan 08, 2018","$16,659,999,744"
"Jan 07, 2018","$18,413,899,776"
"Jan 06, 2018","$15,866,000,384"
"Jan 05, 2018","$18,314,600,448"
"Jan 04, 2018","$23,840,899,072"
"Jan 03, 2018","$21,783,199,744"
"Jan 02, 2018","$16,871,900,160"
"Jan 01, 2018","$16,846,600,192"
"Dec 31, 2017","$10,291,200,000"
"Dec 30, 2017","$12,136,299,520"
"Dec 29, 2017","$14,452,599,808"
"Dec 28, 2017","$13,025,500,160"
"Dec 27, 2017","$12,336,499,712"
"Dec 26, 2017","$12,487,600,128"
"Dec 25, 2017","$13,454,300,160"
"Dec 24, 2017","$10,664,699,904"
"Dec 23, 2017","$11,572,299,776"
"Dec 22, 2017","$13,086,000,128"
"Dec 21, 2017","$22,197,999,616"
"Dec 20, 2017","$16,516,599,808"
"Dec 19, 2017","$22,149,699,584"
"Dec 18, 2017","$16,894,499,840"
"Dec 17, 2017","$14,839,499,776"
"Dec 16, 2017","$13,314,599,936"
"Dec 15, 2017","$12,740,599,808"
"Dec 14, 2017","$14,309,999,616"
"Dec 13, 2017","$13,777,399,808"
"Dec 12, 2017","$12,976,900,096"
"Dec 11, 2017","$14,603,799,552"
"Dec 10, 2017","$12,153,900,032"
"Dec 09, 2017","$13,433,299,968"
"Dec 08, 2017","$13,911,300,096"
"Dec 07, 2017","$21,135,998,976"
"Dec 06, 2017","$17,950,699,520"
"Dec 05, 2017","$12,656,300,032"
"Dec 04, 2017","$6,895,260,160"
"Dec 03, 2017","$6,132,409,856"
"Dec 02, 2017","$6,608,309,760"
"Dec 01, 2017","$5,138,500,096"
"Nov 30, 2017","$6,783,119,872"
"Nov 29, 2017","$8,310,689,792"
"Nov 28, 2017","$11,568,799,744"
"Nov 27, 2017","$6,348,819,968"
"Nov 26, 2017","$5,653,320,192"
"Nov 25, 2017","$5,475,579,904"
"Nov 24, 2017","$4,342,060,032"
"Nov 23, 2017","$5,058,610,176"
"Nov 22, 2017","$4,225,179,904"
"Nov 21, 2017","$3,633,530,112"
"Nov 20, 2017","$4,277,609,984"
"Nov 19, 2017","$3,488,450,048"
"Nov 18, 2017","$3,149,319,936"
"Nov 17, 2017","$3,667,190,016"
"Nov 16, 2017","$4,651,670,016"
"Nov 15, 2017","$5,123,809,792"
"Nov 14, 2017","$4,200,880,128"
"Nov 13, 2017","$3,197,110,016"
"Nov 12, 2017","$6,263,249,920"
"Nov 11, 2017","$8,957,349,888"
"Nov 10, 2017","$4,908,680,192"
"Nov 09, 2017","$5,208,249,856"
"Nov 08, 2017","$3,226,249,984"
"Nov 07, 2017","$4,602,200,064"
"Nov 06, 2017","$2,326,340,096"
"Nov 05, 2017","$3,111,899,904"
"Nov 04, 2017","$2,380,410,112"
"Nov 03, 2017","$2,483,800,064"
"Nov 02, 2017","$3,369,860,096"
"Nov 01, 2017","$4,653,770,240"
"Oct 31, 2017","$2,870,320,128"
"Oct 30, 2017","$2,311,379,968"
"Oct 29, 2017","$1,772,150,016"
"Oct 28, 2017","$2,859,040,000"
"Oct 27, 2017","$1,403,920,000"
"Oct 26, 2017","$1,710,130,048"
"Oct 25, 2017","$1,905,040,000"
"Oct 24, 2017","$1,966,989,952"
"Oct 23, 2017","$2,735,699,968"
"Oct 22, 2017","$2,401,840,128"
"Oct 21, 2017","$2,034,630,016"
"Oct 20, 2017","$2,207,099,904"
"Oct 19, 2017","$2,354,429,952"
"Oct 18, 2017","$1,780,540,032"
"Oct 17, 2017","$2,399,269,888"
"Oct 16, 2017","$1,821,570,048"
"Oct 15, 2017","$2,008,070,016"
"Oct 14, 2017","$1,976,039,936"
"Oct 13, 2017","$1,669,030,016"
"Oct 12, 2017","$3,615,480,064"
"Oct 11, 2017","$2,791,610,112"
"Oct 10, 2017","$1,222,279,936"
"Oct 09, 2017","$1,597,139,968"
"Oct 08, 2017","$1,968,739,968"
"Oct 07, 2017","$1,313,869,952"
"Oct 06, 2017","$906,928,000"
"Oct 05, 2017","$1,069,939,968"
"Oct 04, 2017","$1,161,769,984"
"Oct 03, 2017","$1,116,770,048"
"Oct 02, 2017","$1,288,019,968"
"Oct 01, 2017","$1,431,730,048"
"Sep 30, 2017","$1,208,210,048"
"Sep 29, 2017","$1,207,449,984"
"Sep 28, 2017","$1,367,049,984"
"Sep 27, 2017","$1,712,320,000"
"Sep 26, 2017","$1,686,880,000"
"Sep 25, 2017","$1,043,740,032"
"Sep 24, 2017","$1,374,210,048"
"Sep 23, 2017","$768,014,976"
"Sep 22, 2017","$928,113,984"
"Sep 21, 2017","$1,194,829,952"
"Sep 20, 2017","$1,411,480,064"
"Sep 19, 2017","$1,213,830,016"
"Sep 18, 2017","$1,563,980,032"
"Sep 17, 2017","$1,943,209,984"
"Sep 16, 2017","$1,239,149,952"
"Sep 15, 2017","$1,818,400,000"
"Sep 14, 2017","$4,148,069,888"
"Sep 13, 2017","$2,716,310,016"
"Sep 12, 2017","$2,219,409,920"
"Sep 11, 2017","$1,864,530,048"
"Sep 10, 2017","$1,557,330,048"
"Sep 09, 2017","$1,679,090,048"
"Sep 08, 2017","$1,386,230,016"
"Sep 07, 2017","$2,700,890,112"
"Sep 06, 2017","$1,844,620,032"
"Sep 05, 2017","$2,172,100,096"
"Sep 04, 2017","$2,697,969,920"
"Sep 03, 2017","$2,987,330,048"
"Sep 02, 2017","$1,933,190,016"
"Sep 01, 2017","$2,722,139,904"
"Aug 31, 2017","$2,599,079,936"
"Aug 30, 2017","$1,944,930,048"
"Aug 29, 2017","$1,937,849,984"
"Aug 28, 2017","$2,486,080,000"
"Aug 27, 2017","$1,959,330,048"
"Aug 26, 2017","$1,537,459,968"
"Aug 25, 2017","$1,511,609,984"
"Aug 24, 2017","$1,727,970,048"
"Aug 23, 2017","$2,037,750,016"
"Aug 22, 2017","$2,369,819,904"
"Aug 21, 2017","$3,764,239,872"
"Aug 20, 2017","$2,800,890,112"
"Aug 19, 2017","$2,109,769,984"
"Aug 18, 2017","$2,975,820,032"
"Aug 17, 2017","$2,941,710,080"
"Aug 16, 2017","$2,553,359,872"
"Aug 15, 2017","$2,272,039,936"
"Aug 14, 2017","$3,258,050,048"
"Aug 13, 2017","$2,463,089,920"
"Aug 12, 2017","$3,159,089,920"
"Aug 11, 2017","$2,219,589,888"
"Aug 10, 2017","$2,021,190,016"
"Aug 09, 2017","$1,515,110,016"
"Aug 08, 2017","$1,468,960,000"
"Aug 07, 2017","$1,752,760,064"
"Aug 06, 2017","$1,482,279,936"
"Aug 05, 2017","$1,105,030,016"
"Aug 04, 2017","$1,945,699,968"
"Aug 03, 2017","$1,002,120,000"
"Aug 02, 2017","$804,796,992"
"Aug 01, 2017","$1,094,950,016"
"Jul 31, 2017","$1,324,669,952"
"Jul 30, 2017","$860,574,976"
"Jul 29, 2017","$705,942,976"
"Jul 28, 2017","$803,745,984"
"Jul 27, 2017","$1,380,099,968"
"Jul 26, 2017","$789,104,000"
"Jul 25, 2017","$937,404,032"
"Jul 24, 2017","$1,460,089,984"
"Jul 23, 2017","$866,473,984"
"Jul 22, 2017","$1,072,840,000"
"Jul 21, 2017","$1,177,129,984"
"Jul 20, 2017","$1,489,449,984"
"Jul 19, 2017","$2,249,260,032"
"Jul 18, 2017","$1,245,100,032"
"Jul 17, 2017","$1,512,450,048"
"Jul 16, 2017","$1,201,760,000"
"Jul 15, 2017","$1,182,870,016"
"Jul 14, 2017","$993,608,000"
"Jul 13, 2017","$882,502,976"
"Jul 12, 2017","$835,769,984"
"Jul 11, 2017","$1,117,410,048"
"Jul 10, 2017","$1,329,760,000"
"Jul 09, 2017","$1,111,200,000"
"Jul 08, 2017","$527,856,000"
"Jul 07, 2017","$733,329,984"
"Jul 06, 2017","$917,411,968"
"Jul 05, 2017","$761,956,992"
"Jul 04, 2017","$941,566,016"
"Jul 03, 2017","$985,516,032"
"Jul 02, 2017","$964,112,000"
"Jul 01, 2017","$803,747,008"
"Jun 30, 2017","$779,913,984"
"Jun 29, 2017","$860,273,024"
"Jun 28, 2017","$949,979,008"
"Jun 27, 2017","$1,183,869,952"
"Jun 26, 2017","$1,489,789,952"
"Jun 25, 2017","$1,663,280,000"
"Jun 24, 2017","$1,161,100,032"
"Jun 23, 2017","$982,750,016"
"Jun 22, 2017","$961,318,976"
"Jun 21, 2017","$1,097,939,968"
"Jun 20, 2017","$1,626,579,968"
"Jun 19, 2017","$1,854,189,952"
"Jun 18, 2017","$1,446,840,064"
"Jun 17, 2017","$1,178,659,968"
"Jun 16, 2017","$1,534,509,952"
"Jun 15, 2017","$1,195,190,016"
"Jun 14, 2017","$2,026,259,968"
"Jun 13, 2017","$1,696,560,000"
"Jun 12, 2017","$1,781,200,000"
"Jun 11, 2017","$2,569,530,112"
"Jun 10, 2017","$1,752,400,000"
"Jun 09, 2017","$2,018,889,984"
"Jun 08, 2017","$1,348,950,016"
"Jun 07, 2017","$1,281,170,048"
"Jun 06, 2017","$1,517,709,952"
"Jun 05, 2017","$2,089,609,984"
"Jun 04, 2017","$1,369,309,952"
"Jun 03, 2017","$1,355,120,000"
"Jun 02, 2017","$1,514,950,016"
"Jun 01, 2017","$1,317,030,016"
"May 31, 2017","$1,653,180,032"
"May 30, 2017","$1,544,829,952"
"May 29, 2017","$1,443,970,048"
"May 28, 2017","$994,625,024"
"May 27, 2017","$1,147,139,968"
"May 26, 2017","$1,700,480,000"
"May 25, 2017","$1,763,480,064"
"May 24, 2017","$2,406,700,032"
"May 23, 2017","$1,725,379,968"
"May 22, 2017","$1,378,749,952"
"May 21, 2017","$1,942,220,032"
"May 20, 2017","$1,147,859,968"
"May 19, 2017","$961,336,000"
"May 18, 2017","$1,157,289,984"
"May 17, 2017","$894,321,024"
"May 16, 2017","$1,064,729,984"
"May 15, 2017","$959,044,992"
"May 14, 2017","$731,529,024"
"May 13, 2017","$437,196,000"
"May 12, 2017","$579,635,008"
"May 11, 2017","$740,984,000"
"May 10, 2017","$799,489,984"
"May 09, 2017","$915,723,008"
"May 08, 2017","$1,167,920,000"
"May 07, 2017","$1,340,320,000"
"May 06, 2017","$1,080,029,952"
"May 05, 2017","$582,529,984"
"May 04, 2017","$946,035,968"
"May 03, 2017","$933,548,992"
"May 02, 2017","$583,795,968"
"May 01, 2017","$477,337,984"
"Apr 30, 2017","$713,624,000"
"Apr 29, 2017","$413,115,008"
"Apr 28, 2017","$422,705,984"
"Apr 27, 2017","$527,488,992"
"Apr 26, 2017","$449,196,992"
"Apr 25, 2017","$329,631,008"
"Apr 24, 2017","$242,556,000"
"Apr 23, 2017","$235,806,000"
"Apr 22, 2017","$258,951,008"
"Apr 21, 2017","$249,320,000"
"Apr 20, 2017","$272,167,008"
"Apr 19, 2017","$315,108,000"
"Apr 18, 2017","$288,060,992"
"Apr 17, 2017","$270,524,000"
"Apr 16, 2017","$253,206,000"
"Apr 15, 2017","$183,231,008"
"Apr 14, 2017","$203,559,008"
"Apr 13, 2017","$254,827,008"
"Apr 12, 2017","$351,968,992"
"Apr 11, 2017","$288,702,016"
"Apr 10, 2017","$216,182,000"
"Apr 09, 2017","$215,883,008"
"Apr 08, 2017","$242,343,008"
"Apr 07, 2017","$209,312,000"
"Apr 06, 2017","$317,022,016"
"Apr 05, 2017","$511,222,016"
"Apr 04, 2017","$414,784,000"
"Apr 03, 2017","$436,310,016"
"Apr 02, 2017","$580,444,032"
"Apr 01, 2017","$514,187,008"
"Mar 31, 2017","$289,633,984"
"Mar 30, 2017","$447,287,008"
"Mar 29, 2017","$352,968,992"
"Mar 28, 2017","$298,457,984"
"Mar 27, 2017","$326,332,000"
"Mar 26, 2017","$372,535,008"
"Mar 25, 2017","$303,668,000"
"Mar 24, 2017","$435,803,008"
"Mar 23, 2017","$491,038,016"
"Mar 22, 2017","$248,540,000"
"Mar 21, 2017","$380,840,992"
"Mar 20, 2017","$337,391,008"
"Mar 19, 2017","$286,529,984"
"Mar 18, 2017","$406,648,000"
"Mar 17, 2017","$621,302,016"
"Mar 16, 2017","$706,598,976"
"Mar 15, 2017","$638,568,000"
"Mar 14, 2017","$297,804,992"
"Mar 13, 2017","$245,306,000"
"Mar 12, 2017","$380,276,992"
"Mar 11, 2017","$227,176,000"
"Mar 10, 2017","$283,320,000"
"Mar 09, 2017","$563,795,968"
"Mar 08, 2017","$212,283,008"
"Mar 07, 2017","$332,603,008"
"Mar 06, 2017","$291,256,000"
"Mar 05, 2017","$153,656,992"
"Mar 04, 2017","$134,127,000"
"Mar 03, 2017","$183,270,000"
"Mar 02, 2017","$315,739,008"
"Mar 01, 2017","$368,275,008"
"Feb 28, 2017","$229,056,992"
"Feb 27, 2017","$184,956,000"
"Feb 26, 2017","$131,570,000"
"Feb 25, 2017","$116,486,000"
"Feb 24, 2017","$139,960,992"
"Feb 23, 2017","$330,759,008"
"Feb 22, 2017","$189,454,000"
"Feb 21, 2017","$136,100,000"
"Feb 20, 2017","$186,868,992"
"Feb 19, 2017","$109,478,000"
"Feb 18, 2017","$77,423,296"
"Feb 17, 2017","$99,073,504"
"Feb 16, 2017","$136,474,000"
"Feb 15, 2017","$122,277,000"
"Feb 14, 2017","$89,759,400"
"Feb 13, 2017","$137,946,000"
"Feb 12, 2017","$100,607,000"
"Feb 11, 2017","$67,530,000"
"Feb 10, 2017","$102,261,000"
"Feb 09, 2017","$190,452,000"
"Feb 08, 2017","$407,220,000"
"Feb 07, 2017","$201,855,008"
"Feb 06, 2017","$146,007,008"
"Feb 05, 2017","$111,762,000"
"Feb 04, 2017","$114,208,000"
"Feb 03, 2017","$155,064,000"
"Feb 02, 2017","$201,278,000"
"Feb 01, 2017","$145,820,992"
"Jan 31, 2017","$150,110,000"
"Jan 30, 2017","$164,582,000"
"Jan 29, 2017","$78,227,296"
"Jan 28, 2017","$60,851,700"
"Jan 27, 2017","$68,979,600"
"Jan 26, 2017","$125,594,000"
"Jan 25, 2017","$131,958,000"
"Jan 24, 2017","$120,831,000"
"Jan 23, 2017","$111,349,000"
"Jan 22, 2017","$73,588,600"
"Jan 21, 2017","$116,573,000"
"Jan 20, 2017","$111,158,000"
"Jan 19, 2017","$86,728,400"
"Jan 18, 2017","$105,625,000"
"Jan 17, 2017","$225,676,992"
"Jan 16, 2017","$155,095,008"
"Jan 15, 2017","$82,755,200"
"Jan 14, 2017","$71,013,600"
"Jan 13, 2017","$93,063,296"
"Jan 12, 2017","$168,968,000"
"Jan 11, 2017","$222,326,000"
"Jan 10, 2017","$310,928,992"
"Jan 09, 2017","$115,808,000"
"Jan 08, 2017","$141,876,992"
"Jan 07, 2017","$158,715,008"
"Jan 06, 2017","$279,550,016"
"Jan 05, 2017","$351,876,000"
"Jan 04, 2017","$510,199,008"
"Jan 03, 2017","$344,945,984"
"Jan 02, 2017","$185,168,000"
"Jan 01, 2017","$222,184,992"
"Dec 31, 2016","$147,775,008"
"Dec 30, 2016","$99,135,104"
"Dec 29, 2016","$187,474,000"
"Dec 28, 2016","$199,320,000"
"Dec 27, 2016","$236,630,000"
"Dec 26, 2016","$167,308,000"
"Dec 25, 2016","$123,771,000"
"Dec 24, 2016","$143,664,992"
"Dec 23, 2016","$137,727,008"
"Dec 22, 2016","$275,564,000"
"Dec 21, 2016","$200,027,008"
"Dec 20, 2016","$155,576,000"
"Dec 19, 2016","$99,629,296"
"Dec 18, 2016","$74,886,400"
"Dec 17, 2016","$60,524,400"
"Dec 16, 2016","$78,989,800"
"Dec 15, 2016","$83,608,200"
"Dec 14, 2016","$81,580,096"
"Dec 13, 2016","$75,979,000"
"Dec 12, 2016","$81,645,600"
"Dec 11, 2016","$76,571,000"
"Dec 10, 2016","$57,313,400"
"Dec 09, 2016","$53,843,100"
"Dec 08, 2016","$68,705,296"
"Dec 07, 2016","$80,111,904"
"Dec 06, 2016","$96,426,096"
"Dec 05, 2016","$116,218,000"
"Dec 04, 2016","$106,363,000"
"Dec 03, 2016","$60,557,900"
"Dec 02, 2016","$69,547,296"
"Dec 01, 2016","$127,605,000"
"Nov 30, 2016","$80,461,904"
"Nov 29, 2016","$84,070,800"
"Nov 28, 2016","$68,511,104"
"Nov 27, 2016","$61,888,600"
"Nov 26, 2016","$52,601,800"
"Nov 25, 2016","$54,962,700"
"Nov 24, 2016","$67,807,600"
"Nov 23, 2016","$85,919,296"
"Nov 22, 2016","$76,543,800"
"Nov 21, 2016","$129,906,000"
"Nov 20, 2016","$60,802,400"
"Nov 19, 2016","$154,116,000"
"Nov 18, 2016","$110,608,000"
"Nov 17, 2016","$87,363,104"
"Nov 16, 2016","$108,579,000"
"Nov 15, 2016","$141,294,000"
"Nov 14, 2016","$72,038,496"
"Nov 13, 2016","$62,993,000"
"Nov 12, 2016","$80,318,096"
"Nov 11, 2016","$64,622,500"
"Nov 10, 2016","$63,119,700"
"Nov 09, 2016","$68,807,800"
"Nov 08, 2016","$132,429,000"
"Nov 07, 2016","$79,660,800"
"Nov 06, 2016","$65,047,100"
"Nov 05, 2016","$59,902,200"
"Nov 04, 2016","$53,752,300"
"Nov 03, 2016","$99,907,696"
"Nov 02, 2016","$172,808,000"
"Nov 01, 2016","$84,865,200"
"Oct 31, 2016","$130,527,000"
"Oct 30, 2016","$97,064,400"
"Oct 29, 2016","$100,665,000"
"Oct 28, 2016","$134,760,992"
"Oct 27, 2016","$81,145,504"
"Oct 26, 2016","$96,105,296"
"Oct 25, 2016","$88,877,104"
"Oct 24, 2016","$90,378,800"
"Oct 23, 2016","$62,218,200"
"Oct 22, 2016","$54,474,600"
"Oct 21, 2016","$78,556,496"
"Oct 20, 2016","$55,951,000"
"Oct 19, 2016","$56,957,300"
"Oct 18, 2016","$69,381,696"
"Oct 17, 2016","$65,546,700"
"Oct 16, 2016","$58,063,600"
"Oct 15, 2016","$40,298,100"
"Oct 14, 2016","$39,035,400"
"Oct 13, 2016","$58,144,600"
"Oct 12, 2016","$61,620,700"
"Oct 11, 2016","$92,370,200"
"Oct 10, 2016","$103,590,000"
"Oct 09, 2016","$67,481,104"
"Oct 08, 2016","$39,243,400"
"Oct 07, 2016","$42,345,900"
"Oct 06, 2016","$64,071,400"
"Oct 05, 2016","$56,812,100"
"Oct 04, 2016","$68,077,504"
"Oct 03, 2016","$49,801,600"
"Oct 02, 2016","$46,798,300"
"Oct 01, 2016","$39,249,800"
"Sep 30, 2016","$56,357,000"
"Sep 29, 2016","$56,122,400"
"Sep 28, 2016","$55,658,600"
"Sep 27, 2016","$48,722,600"
"Sep 26, 2016","$49,422,400"
"Sep 25, 2016","$59,153,800"
"Sep 24, 2016","$33,977,800"
"Sep 23, 2016","$35,359,500"
"Sep 22, 2016","$51,067,000"
"Sep 21, 2016","$67,085,300"
"Sep 20, 2016","$82,776,200"
"Sep 19, 2016","$72,710,896"
"Sep 18, 2016","$54,796,400"
"Sep 17, 2016","$48,679,400"
"Sep 16, 2016","$37,140,300"
"Sep 15, 2016","$64,963,400"
"Sep 14, 2016","$59,464,600"
"Sep 13, 2016","$47,877,700"
"Sep 12, 2016","$86,920,600"
"Sep 11, 2016","$72,812,304"
"Sep 10, 2016","$73,610,800"
"Sep 09, 2016","$45,016,800"
"Sep 08, 2016","$64,550,200"
"Sep 07, 2016","$86,713,000"
"Sep 06, 2016","$75,032,400"
"Sep 05, 2016","$78,529,104"
"Sep 04, 2016","$82,446,800"
"Sep 03, 2016","$97,942,896"
"Sep 02, 2016","$159,014,000"
"Sep 01, 2016","$79,910,800"
"Aug 31, 2016","$76,923,400"
"Aug 30, 2016","$75,840,896"
"Aug 29, 2016","$70,342,400"
"Aug 28, 2016","$110,398,000"
"Aug 27, 2016","$86,301,600"
"Aug 26, 2016","$59,698,300"
"Aug 25, 2016","$48,856,800"
"Aug 24, 2016","$136,130,000"
"Aug 23, 2016","$56,328,200"
"Aug 22, 2016","$85,349,200"
"Aug 21, 2016","$72,844,000"
"Aug 20, 2016","$38,299,400"
"Aug 19, 2016","$45,301,400"
"Aug 18, 2016","$50,631,600"
"Aug 17, 2016","$59,896,600"
"Aug 16, 2016","$54,443,000"
"Aug 15, 2016","$58,405,200"
"Aug 14, 2016","$57,262,300"
"Aug 13, 2016","$60,851,100"
"Aug 12, 2016","$43,563,000"
"Aug 11, 2016","$69,218,000"
"Aug 10, 2016","$74,514,400"
"Aug 09, 2016","$102,905,000"
"Aug 08, 2016","$92,228,096"
"Aug 07, 2016","$61,194,100"
"Aug 06, 2016","$82,398,400"
"Aug 05, 2016","$80,797,296"
"Aug 04, 2016","$66,127,900"
"Aug 03, 2016","$125,292,000"
"Aug 02, 2016","$207,982,000"
"Aug 01, 2016","$330,932,992"
"Jul 31, 2016","$121,887,000"
"Jul 30, 2016","$110,818,000"
"Jul 29, 2016","$38,456,100"
"Jul 28, 2016","$60,703,500"
"Jul 27, 2016","$86,428,400"
"Jul 26, 2016","$147,460,992"
"Jul 25, 2016","$225,135,008"
"Jul 24, 2016","$78,176,496"
"Jul 23, 2016","$118,184,000"
"Jul 22, 2016","$69,532,200"
"Jul 21, 2016","$134,169,000"
"Jul 20, 2016","$60,491,800"
"Jul 19, 2016","$94,636,400"
"Jul 18, 2016","$61,203,300"
"Jul 17, 2016","$69,465,000"
"Jul 16, 2016","$74,407,904"
"Jul 15, 2016","$50,330,200"
"Jul 14, 2016","$81,673,104"
"Jul 13, 2016","$98,511,400"
"Jul 12, 2016","$131,449,000"
"Jul 11, 2016","$138,172,992"
"Jul 10, 2016","$107,910,000"
"Jul 09, 2016","$102,532,000"
"Jul 08, 2016","$180,536,000"
"Jul 07, 2016","$141,970,000"
"Jul 06, 2016","$258,091,008"
"Jul 05, 2016","$134,960,992"
"Jul 04, 2016","$130,476,000"
"Jul 03, 2016","$92,008,400"
"Jul 02, 2016","$129,512,000"
"Jul 01, 2016","$112,354,000"
"Jun 30, 2016","$134,431,008"
"Jun 29, 2016","$138,980,000"
"Jun 28, 2016","$142,456,000"
"Jun 27, 2016","$138,384,992"
"Jun 26, 2016","$122,134,000"
"Jun 25, 2016","$109,225,000"
"Jun 24, 2016","$126,656,000"
"Jun 23, 2016","$224,316,992"
"Jun 22, 2016","$253,462,000"
"Jun 21, 2016","$266,392,992"
"Jun 20, 2016","$309,944,000"
"Jun 19, 2016","$174,511,008"
"Jun 18, 2016","$136,184,992"
"Jun 17, 2016","$252,718,000"
"Jun 16, 2016","$363,320,992"
"Jun 15, 2016","$271,633,984"
"Jun 14, 2016","$99,223,800"
"Jun 13, 2016","$186,694,000"
"Jun 12, 2016","$243,295,008"
"Jun 11, 2016","$277,084,992"
"Jun 10, 2016","$82,357,000"
"Jun 09, 2016","$66,991,900"
"Jun 08, 2016","$71,301,000"
"Jun 07, 2016","$80,265,800"
"Jun 06, 2016","$107,770,000"
"Jun 05, 2016","$72,138,896"
"Jun 04, 2016","$68,874,096"
"Jun 03, 2016","$94,925,296"
"Jun 02, 2016","$122,020,000"
"Jun 01, 2016","$60,378,200"
"May 31, 2016","$86,061,800"
"May 30, 2016","$138,450,000"
"May 29, 2016","$87,958,704"
"May 28, 2016","$148,736,992"
"May 27, 2016","$181,199,008"
"May 26, 2016","$164,780,992"
"May 25, 2016","$65,203,800"
"May 24, 2016","$65,231,000"
"May 23, 2016","$65,783,100"
"May 22, 2016","$50,582,500"
"May 21, 2016","$39,657,600"
"May 20, 2016","$42,762,300"
"May 19, 2016","$81,987,904"
"May 18, 2016","$96,027,400"
"May 17, 2016","$86,850,096"
"May 16, 2016","$64,100,300"
"May 15, 2016","$59,171,500"
"May 14, 2016","$28,514,000"
"May 13, 2016","$37,209,000"
"May 12, 2016","$60,845,000"
"May 11, 2016","$59,849,300"
"May 10, 2016","$50,605,200"
"May 09, 2016","$58,956,100"
"May 08, 2016","$55,493,100"
"May 07, 2016","$40,315,000"
"May 06, 2016","$38,364,500"
"May 05, 2016","$72,796,800"
"May 04, 2016","$50,440,800"
"May 03, 2016","$50,407,300"
"May 02, 2016","$59,366,400"
"May 01, 2016","$92,127,000"
"Apr 30, 2016","$40,660,100"
"Apr 29, 2016","$69,322,600"
"Apr 28, 2016","$49,258,500"
"Apr 27, 2016","$74,064,704"
"Apr 26, 2016","$93,564,896"
"Apr 25, 2016","$78,971,904"
"Apr 24, 2016","$87,091,800"
"Apr 23, 2016","$68,198,400"
"Apr 22, 2016","$50,485,400"
"Apr 21, 2016","$58,804,400"
"Apr 20, 2016","$68,204,704"
"Apr 19, 2016","$72,890,096"
"Apr 18, 2016","$52,810,500"
"Apr 17, 2016","$55,670,900"
"Apr 16, 2016","$52,125,900"
"Apr 15, 2016","$39,392,800"
"Apr 14, 2016","$54,801,500"
"Apr 13, 2016","$45,281,000"
"Apr 12, 2016","$69,060,400"
"Apr 11, 2016","$70,728,800"
"Apr 10, 2016","$50,747,500"
"Apr 09, 2016","$73,478,600"
"Apr 08, 2016","$49,792,700"
"Apr 07, 2016","$63,454,700"
"Apr 06, 2016","$57,858,600"
"Apr 05, 2016","$59,091,000"
"Apr 04, 2016","$60,718,000"
"Apr 03, 2016","$50,634,300"
"Apr 02, 2016","$38,053,700"
"Apr 01, 2016","$45,681,200"
"Mar 31, 2016","$51,235,700"
"Mar 30, 2016","$60,215,200"
"Mar 29, 2016","$66,034,100"
"Mar 28, 2016","$75,411,504"
"Mar 27, 2016","$68,522,800"
"Mar 26, 2016","$71,229,400"
"Mar 25, 2016","$44,650,400"
"Mar 24, 2016","$52,560,000"
"Mar 23, 2016","$68,346,704"
"Mar 22, 2016","$61,444,200"
"Mar 21, 2016","$66,813,300"
"Mar 20, 2016","$61,655,400"
"Mar 19, 2016","$45,947,900"
"Mar 18, 2016","$58,423,000"
"Mar 17, 2016","$104,940,000"
"Mar 16, 2016","$83,528,600"
"Mar 15, 2016","$65,185,800"
"Mar 14, 2016","$66,781,700"
"Mar 13, 2016","$95,259,400"
"Mar 12, 2016","$74,322,800"
"Mar 11, 2016","$92,712,896"
"Mar 10, 2016","$73,969,696"
"Mar 09, 2016","$81,022,896"
"Mar 08, 2016","$70,012,304"
"Mar 07, 2016","$70,311,696"
"Mar 06, 2016","$85,762,400"
"Mar 05, 2016","$91,212,496"
"Mar 04, 2016","$135,384,992"
"Mar 03, 2016","$90,856,096"
"Mar 02, 2016","$100,484,000"
"Mar 01, 2016","$74,955,296"
"Feb 29, 2016","$74,895,800"
"Feb 28, 2016","$60,694,700"
"Feb 27, 2016","$53,033,400"
"Feb 26, 2016","$41,893,600"
"Feb 25, 2016","$61,486,000"
"Feb 24, 2016","$70,798,000"
"Feb 23, 2016","$67,743,696"
"Feb 22, 2016","$85,244,896"
"Feb 21, 2016","$85,385,200"
"Feb 20, 2016","$89,820,704"
"Feb 19, 2016","$93,992,096"
"Feb 18, 2016","$55,711,300"
"Feb 17, 2016","$76,752,600"
"Feb 16, 2016","$83,193,600"
"Feb 15, 2016","$73,093,104"
"Feb 14, 2016","$74,070,496"
"Feb 13, 2016","$74,469,800"
"Feb 12, 2016","$61,911,700"
"Feb 11, 2016","$67,042,800"
"Feb 10, 2016","$74,375,600"
"Feb 09, 2016","$85,130,896"
"Feb 08, 2016","$55,318,500"
"Feb 07, 2016","$47,671,100"
"Feb 06, 2016","$37,076,300"
"Feb 05, 2016","$49,249,300"
"Feb 04, 2016","$43,825,000"
"Feb 03, 2016","$69,285,504"
"Feb 02, 2016","$45,933,400"
"Feb 01, 2016","$40,378,700"
"Jan 31, 2016","$51,656,700"
"Jan 30, 2016","$37,894,300"
"Jan 29, 2016","$30,284,400"
"Jan 28, 2016","$86,125,296"
"Jan 27, 2016","$59,247,900"
"Jan 26, 2016","$47,424,400"
"Jan 25, 2016","$58,147,000"
"Jan 24, 2016","$59,062,400"
"Jan 23, 2016","$54,824,800"
"Jan 22, 2016","$56,247,400"
"Jan 21, 2016","$91,546,600"
"Jan 20, 2016","$68,338,000"
"Jan 19, 2016","$121,720,000"
"Jan 18, 2016","$46,819,800"
"Jan 17, 2016","$54,403,900"
"Jan 16, 2016","$45,319,600"
"Jan 15, 2016","$120,352,000"
"Jan 14, 2016","$153,351,008"
"Jan 13, 2016","$43,945,500"
"Jan 12, 2016","$173,888,000"
"Jan 11, 2016","$115,607,000"
"Jan 10, 2016","$40,450,000"
"Jan 09, 2016","$35,995,900"
"Jan 08, 2016","$32,278,000"
"Jan 07, 2016","$56,993,000"
"Jan 06, 2016","$87,562,200"
"Jan 05, 2016","$34,042,500"
"Jan 04, 2016","$34,522,600"
"Jan 03, 2016","$38,477,500"
"Jan 02, 2016","$39,633,800"
"Jan 01, 2016","$30,096,600"
"Dec 31, 2015","$36,278,900"
"Dec 30, 2015","$45,996,600"
"Dec 29, 2015","$46,889,400"
"Dec 28, 2015","$51,596,500"
"Dec 27, 2015","$49,638,600"
"Dec 26, 2015","$53,591,200"
"Dec 25, 2015","$116,166,000"
"Dec 24, 2015","$39,078,500"
"Dec 23, 2015","$57,157,200"
"Dec 22, 2015","$47,161,400"
"Dec 21, 2015","$50,840,400"
"Dec 20, 2015","$77,639,696"
"Dec 19, 2015","$75,409,400"
"Dec 18, 2015","$47,892,700"
"Dec 17, 2015","$60,220,100"
"Dec 16, 2015","$47,978,400"
"Dec 15, 2015","$107,944,000"
"Dec 14, 2015","$83,121,104"
"Dec 13, 2015","$130,496,000"
"Dec 12, 2015","$55,050,600"
"Dec 11, 2015","$131,969,000"
"Dec 10, 2015","$110,944,000"
"Dec 09, 2015","$52,138,900"
"Dec 08, 2015","$90,917,200"
"Dec 07, 2015","$57,801,400"
"Dec 06, 2015","$63,455,800"
"Dec 05, 2015","$77,762,000"
"Dec 04, 2015","$66,282,200"
"Dec 03, 2015","$35,784,100"
"Dec 02, 2015","$50,714,900"
"Dec 01, 2015","$54,160,500"
"Nov 30, 2015","$60,452,200"
"Nov 29, 2015","$71,701,600"
"Nov 28, 2015","$40,409,300"
"Nov 27, 2015","$36,816,600"
"Nov 26, 2015","$55,179,100"
"Nov 25, 2015","$106,105,000"
"Nov 24, 2015","$41,666,900"
"Nov 23, 2015","$29,362,600"
"Nov 22, 2015","$27,478,900"
"Nov 21, 2015","$23,439,400"
"Nov 20, 2015","$28,200,500"
"Nov 19, 2015","$53,152,900"
"Nov 18, 2015","$45,011,100"
"Nov 17, 2015","$43,783,800"
"Nov 16, 2015","$51,001,600"
"Nov 15, 2015","$47,980,100"
"Nov 14, 2015","$44,213,100"
"Nov 13, 2015","$38,612,000"
"Nov 12, 2015","$52,003,000"
"Nov 11, 2015","$78,477,800"
"Nov 10, 2015","$107,070,000"
"Nov 09, 2015","$95,797,904"
"Nov 08, 2015","$68,224,400"
"Nov 07, 2015","$51,817,600"
"Nov 06, 2015","$56,625,100"
"Nov 05, 2015","$122,687,000"
"Nov 04, 2015","$151,824,992"
"Nov 03, 2015","$263,900,000"
"Nov 02, 2015","$206,162,000"
"Nov 01, 2015","$101,918,000"
"Oct 31, 2015","$37,001,100"
"Oct 30, 2015","$48,598,100"
"Oct 29, 2015","$78,305,000"
"Oct 28, 2015","$64,495,900"
"Oct 27, 2015","$50,808,100"
"Oct 26, 2015","$46,331,800"
"Oct 25, 2015","$32,108,800"
"Oct 24, 2015","$45,717,100"
"Oct 23, 2015","$25,942,400"
"Oct 22, 2015","$29,442,500"
"Oct 21, 2015","$37,808,600"
"Oct 20, 2015","$25,637,300"
"Oct 19, 2015","$30,889,800"
"Oct 18, 2015","$25,258,800"
"Oct 17, 2015","$22,434,300"
"Oct 16, 2015","$43,199,600"
"Oct 15, 2015","$35,901,500"
"Oct 14, 2015","$25,223,500"
"Oct 13, 2015","$27,462,600"
"Oct 12, 2015","$28,198,500"
"Oct 11, 2015","$17,388,300"
"Oct 10, 2015","$16,827,300"
"Oct 09, 2015","$15,912,700"
"Oct 08, 2015","$17,353,100"
"Oct 07, 2015","$18,515,300"
"Oct 06, 2015","$22,999,200"
"Oct 05, 2015","$27,535,100"
"Oct 04, 2015","$23,335,900"
"Oct 03, 2015","$12,999,000"
"Oct 02, 2015","$16,482,700"
"Oct 01, 2015","$19,677,900"
"Sep 30, 2015","$20,488,800"
"Sep 29, 2015","$19,743,500"
"Sep 28, 2015","$22,691,300"
"Sep 27, 2015","$24,713,000"
"Sep 26, 2015","$14,179,900"
"Sep 25, 2015","$13,724,100"
"Sep 24, 2015","$22,363,600"
"Sep 23, 2015","$25,097,800"
"Sep 22, 2015","$17,254,100"
"Sep 21, 2015","$25,009,300"
"Sep 20, 2015","$19,678,800"
"Sep 19, 2015","$14,444,700"
"Sep 18, 2015","$12,712,600"
"Sep 17, 2015","$20,242,200"
"Sep 16, 2015","$18,935,400"
"Sep 15, 2015","$20,144,200"
"Sep 14, 2015","$19,177,800"
"Sep 13, 2015","$20,997,800"
"Sep 12, 2015","$18,478,800"
"Sep 11, 2015","$17,962,600"
"Sep 10, 2015","$19,224,700"
"Sep 09, 2015","$21,215,500"
"Sep 08, 2015","$23,635,700"
"Sep 07, 2015","$26,879,200"
"Sep 06, 2015","$21,192,200"
"Sep 05, 2015","$25,473,700"
"Sep 04, 2015","$20,671,400"
"Sep 03, 2015","$20,962,400"
"Sep 02, 2015","$17,482,000"
"Sep 01, 2015","$18,760,400"
"Aug 31, 2015","$20,575,200"
"Aug 30, 2015","$20,710,700"
"Aug 29, 2015","$19,412,600"
"Aug 28, 2015","$17,142,500"
"Aug 27, 2015","$31,336,600"
"Aug 26, 2015","$21,905,400"
"Aug 25, 2015","$31,808,000"
"Aug 24, 2015","$61,089,200"
"Aug 23, 2015","$59,220,700"
"Aug 22, 2015","$18,406,600"
"Aug 21, 2015","$23,205,900"
"Aug 20, 2015","$23,173,800"
"Aug 19, 2015","$32,275,000"
"Aug 18, 2015","$60,869,200"
"Aug 17, 2015","$42,147,200"
"Aug 16, 2015","$21,617,900"
"Aug 15, 2015","$29,717,000"
"Aug 14, 2015","$19,321,100"
"Aug 13, 2015","$27,091,200"
"Aug 12, 2015","$27,685,500"
"Aug 11, 2015","$26,815,400"
"Aug 10, 2015","$25,433,900"
"Aug 09, 2015","$20,979,400"
"Aug 08, 2015","$23,789,600"
"Aug 07, 2015","$58,533,000"
"Aug 06, 2015","$42,484,800"
"Aug 05, 2015","$18,792,100"
"Aug 04, 2015","$20,128,000"
"Aug 03, 2015","$21,908,700"
"Aug 02, 2015","$21,474,100"
"Aug 01, 2015","$17,722,200"
"Jul 31, 2015","$18,995,000"
"Jul 30, 2015","$23,629,100"
"Jul 29, 2015","$21,635,800"
"Jul 28, 2015","$24,672,600"
"Jul 27, 2015","$25,453,600"
"Jul 26, 2015","$30,592,000"
"Jul 25, 2015","$16,032,300"
"Jul 24, 2015","$20,662,200"
"Jul 23, 2015","$37,199,400"
"Jul 22, 2015","$18,531,300"
"Jul 21, 2015","$19,389,800"
"Jul 20, 2015","$22,930,700"
"Jul 19, 2015","$22,711,400"
"Jul 18, 2015","$15,332,500"
"Jul 17, 2015","$25,187,100"
"Jul 16, 2015","$27,591,400"
"Jul 15, 2015","$49,482,600"
"Jul 14, 2015","$27,486,600"
"Jul 13, 2015","$28,727,200"
"Jul 12, 2015","$62,053,900"
"Jul 11, 2015","$56,405,000"
"Jul 10, 2015","$41,109,900"
"Jul 09, 2015","$100,390,000"
"Jul 08, 2015","$40,301,200"
"Jul 07, 2015","$36,980,200"
"Jul 06, 2015","$28,857,600"
"Jul 05, 2015","$49,154,800"
"Jul 04, 2015","$44,156,100"
"Jul 03, 2015","$15,620,400"
"Jul 02, 2015","$19,033,800"
"Jul 01, 2015","$21,551,900"
"Jun 30, 2015","$27,029,800"
"Jun 29, 2015","$44,533,800"
"Jun 28, 2015","$34,742,900"
"Jun 27, 2015","$15,137,600"
"Jun 26, 2015","$20,488,600"
"Jun 25, 2015","$13,983,500"
"Jun 24, 2015","$16,133,100"
"Jun 23, 2015","$17,344,900"
"Jun 22, 2015","$15,108,700"
"Jun 21, 2015","$17,692,500"
"Jun 20, 2015","$10,600,900"
"Jun 19, 2015","$20,608,100"
"Jun 18, 2015","$23,965,300"
"Jun 17, 2015","$30,980,200"
"Jun 16, 2015","$43,858,400"
"Jun 15, 2015","$41,612,000"
"Jun 14, 2015","$19,912,100"
"Jun 13, 2015","$12,165,900"
"Jun 12, 2015","$13,305,300"
"Jun 11, 2015","$14,017,700"
"Jun 10, 2015","$14,416,000"
"Jun 09, 2015","$15,904,800"
"Jun 08, 2015","$28,353,100"
"Jun 07, 2015","$23,378,400"
"Jun 06, 2015","$13,318,400"
"Jun 05, 2015","$11,131,500"
"Jun 04, 2015","$18,056,500"
"Jun 03, 2015","$14,728,100"
"Jun 02, 2015","$17,752,400"
"Jun 01, 2015","$20,459,000"
"May 31, 2015","$26,090,500"
"May 30, 2015","$14,730,800"
"May 29, 2015","$14,098,600"
"May 28, 2015","$14,805,000"
"May 27, 2015","$13,829,600"
"May 26, 2015","$18,837,000"
"May 25, 2015","$16,425,000"
"May 24, 2015","$14,423,900"
"May 23, 2015","$11,508,000"
"May 22, 2015","$14,605,000"
"May 21, 2015","$27,003,000"
"May 20, 2015","$15,108,900"
"May 19, 2015","$15,499,400"
"May 18, 2015","$14,241,900"
"May 17, 2015","$16,780,300"
"May 16, 2015","$11,134,300"
"May 15, 2015","$11,089,700"
"May 14, 2015","$16,329,400"
"May 13, 2015","$24,413,700"
"May 12, 2015","$27,180,100"
"May 11, 2015","$19,282,600"
"May 10, 2015","$20,892,300"
"May 09, 2015","$15,019,100"
"May 08, 2015","$19,790,500"
"May 07, 2015","$27,445,500"
"May 06, 2015","$29,064,400"
"May 05, 2015","$29,587,200"
"May 04, 2015","$23,929,100"
"May 03, 2015","$21,223,400"
"May 02, 2015","$18,494,100"
"May 01, 2015","$12,535,500"
"Apr 30, 2015","$18,815,300"
"Apr 29, 2015","$33,818,600"
"Apr 28, 2015","$18,936,500"
"Apr 27, 2015","$21,469,200"
"Apr 26, 2015","$38,574,000"
"Apr 25, 2015","$28,943,700"
"Apr 24, 2015","$13,957,200"
"Apr 23, 2015","$21,448,700"
"Apr 22, 2015","$17,036,000"
"Apr 21, 2015","$23,847,900"
"Apr 20, 2015","$24,978,000"
"Apr 19, 2015","$18,364,700"
"Apr 18, 2015","$15,021,500"
"Apr 17, 2015","$12,939,000"
"Apr 16, 2015","$20,429,800"
"Apr 15, 2015","$24,805,400"
"Apr 14, 2015","$22,562,000"
"Apr 13, 2015","$31,719,000"
"Apr 12, 2015","$31,181,800"
"Apr 11, 2015","$12,387,900"
"Apr 10, 2015","$16,365,200"
"Apr 09, 2015","$28,882,000"
"Apr 08, 2015","$21,643,500"
"Apr 07, 2015","$30,086,400"
"Apr 06, 2015","$18,467,400"
"Apr 05, 2015","$20,034,200"
"Apr 04, 2015","$19,649,200"
"Apr 03, 2015","$12,493,500"
"Apr 02, 2015","$23,146,600"
"Apr 01, 2015","$26,272,600"
"Mar 31, 2015","$22,877,200"
"Mar 30, 2015","$22,672,000"
"Mar 29, 2015","$23,009,600"
"Mar 28, 2015","$21,699,400"
"Mar 27, 2015","$16,040,900"
"Mar 26, 2015","$17,274,900"
"Mar 25, 2015","$25,730,000"
"Mar 24, 2015","$35,866,900"
"Mar 23, 2015","$40,073,700"
"Mar 22, 2015","$22,811,900"
"Mar 21, 2015","$18,438,100"
"Mar 20, 2015","$17,130,100"
"Mar 19, 2015","$18,456,700"
"Mar 18, 2015","$52,732,000"
"Mar 17, 2015","$57,008,000"
"Mar 16, 2015","$21,497,200"
"Mar 15, 2015","$21,516,100"
"Mar 14, 2015","$11,970,100"
"Mar 13, 2015","$22,612,300"
"Mar 12, 2015","$31,421,500"
"Mar 11, 2015","$32,585,200"
"Mar 10, 2015","$33,963,900"
"Mar 09, 2015","$67,770,800"
"Mar 08, 2015","$59,178,200"
"Mar 07, 2015","$22,067,900"
"Mar 06, 2015","$17,825,900"
"Mar 05, 2015","$28,918,900"
"Mar 04, 2015","$41,302,400"
"Mar 03, 2015","$41,383,000"
"Mar 02, 2015","$50,461,300"
"Mar 01, 2015","$40,465,700"
"Feb 28, 2015","$25,213,700"
"Feb 27, 2015","$13,949,300"
"Feb 26, 2015","$44,013,900"
"Feb 25, 2015","$13,619,400"
"Feb 24, 2015","$11,496,200"
"Feb 23, 2015","$14,200,400"
"Feb 22, 2015","$16,400,000"
"Feb 21, 2015","$19,527,000"
"Feb 20, 2015","$12,284,200"
"Feb 19, 2015","$23,876,700"
"Feb 18, 2015","$18,270,500"
"Feb 17, 2015","$25,200,800"
"Feb 16, 2015","$27,363,100"
"Feb 15, 2015","$28,153,700"
"Feb 14, 2015","$56,552,400"
"Feb 13, 2015","$49,732,500"
"Feb 12, 2015","$42,744,400"
"Feb 11, 2015","$15,206,200"
"Feb 10, 2015","$17,201,900"
"Feb 09, 2015","$21,115,100"
"Feb 08, 2015","$27,791,300"
"Feb 07, 2015","$17,145,200"
"Feb 06, 2015","$21,604,200"
"Feb 05, 2015","$24,435,300"
"Feb 04, 2015","$22,516,400"
"Feb 03, 2015","$26,594,300"
"Feb 02, 2015","$40,783,700"
"Feb 01, 2015","$30,612,100"
"Jan 31, 2015","$29,128,500"
"Jan 30, 2015","$23,348,200"
"Jan 29, 2015","$26,605,200"
"Jan 28, 2015","$32,213,400"
"Jan 27, 2015","$44,352,200"
"Jan 26, 2015","$44,399,000"
"Jan 25, 2015","$106,794,000"
"Jan 24, 2015","$33,582,700"
"Jan 23, 2015","$24,782,500"
"Jan 22, 2015","$24,621,700"
"Jan 21, 2015","$33,544,600"
"Jan 20, 2015","$29,924,600"
"Jan 19, 2015","$24,051,100"
"Jan 18, 2015","$18,658,300"
"Jan 17, 2015","$30,085,100"
"Jan 16, 2015","$23,469,700"
"Jan 15, 2015","$38,421,000"
"Jan 14, 2015","$81,773,504"
"Jan 13, 2015","$97,638,704"
"Jan 12, 2015","$72,843,904"
"Jan 11, 2015","$18,880,300"
"Jan 10, 2015","$18,200,800"
"Jan 09, 2015","$15,264,300"
"Jan 08, 2015","$18,718,600"
"Jan 07, 2015","$19,982,500"
"Jan 06, 2015","$24,866,800"
"Jan 05, 2015","$23,245,700"
"Jan 04, 2015","$43,962,800"
"Jan 03, 2015","$55,629,100"
"Jan 02, 2015","$33,054,400"
"Jan 01, 2015","$7,860,650"
"Dec 31, 2014","$8,036,550"
"Dec 30, 2014","$13,942,900"
"Dec 29, 2014","$12,528,300"
"Dec 28, 2014","$12,302,500"
"Dec 27, 2014","$11,676,600"
"Dec 26, 2014","$15,185,200"
"Dec 25, 2014","$16,410,500"
"Dec 24, 2014","$9,883,640"
"Dec 23, 2014","$15,092,300"
"Dec 22, 2014","$16,574,200"
"Dec 21, 2014","$22,315,100"
"Dec 20, 2014","$15,207,600"
"Dec 19, 2014","$20,856,700"
"Dec 18, 2014","$23,823,100"
"Dec 17, 2014","$39,173,000"
"Dec 16, 2014","$37,567,900"
"Dec 15, 2014","$30,864,900"
"Dec 14, 2014","$17,264,200"
"Dec 13, 2014","$12,415,200"
"Dec 12, 2014","$11,675,900"
"Dec 11, 2014","$16,989,800"
"Dec 10, 2014","$32,431,300"
"Dec 09, 2014","$16,427,700"
"Dec 08, 2014","$32,915,500"
"Dec 07, 2014","$18,898,700"
"Dec 06, 2014","$6,491,650"
"Dec 05, 2014","$7,009,320"
"Dec 04, 2014","$15,181,800"
"Dec 03, 2014","$14,529,600"
"Dec 02, 2014","$13,340,100"
"Dec 01, 2014","$12,364,100"
"Nov 30, 2014","$11,763,000"
"Nov 29, 2014","$9,194,440"
"Nov 28, 2014","$15,375,600"
"Nov 27, 2014","$22,946,500"
"Nov 26, 2014","$8,748,030"
"Nov 25, 2014","$18,601,700"
"Nov 24, 2014","$25,442,200"
"Nov 23, 2014","$30,930,100"
"Nov 22, 2014","$15,151,600"
"Nov 21, 2014","$15,273,000"
"Nov 20, 2014","$29,850,100"
"Nov 19, 2014","$25,233,200"
"Nov 18, 2014","$18,931,800"
"Nov 17, 2014","$32,222,500"
"Nov 16, 2014","$41,518,800"
"Nov 15, 2014","$11,905,600"
"Nov 14, 2014","$15,727,500"
"Nov 13, 2014","$29,589,200"
"Nov 12, 2014","$58,945,000"
"Nov 11, 2014","$45,783,200"
"Nov 10, 2014","$15,838,900"
"Nov 09, 2014","$30,450,100"
"Nov 08, 2014","$24,205,600"
"Nov 07, 2014","$8,535,470"
"Nov 06, 2014","$16,834,200"
"Nov 05, 2014","$18,797,000"
"Nov 04, 2014","$19,817,200"
"Nov 03, 2014","$15,655,500"
"Nov 02, 2014","$12,948,500"
"Nov 01, 2014","$8,603,620"
"Oct 31, 2014","$16,677,200"
"Oct 30, 2014","$12,545,400"
"Oct 29, 2014","$30,177,900"
"Oct 28, 2014","$18,192,700"
"Oct 27, 2014","$7,845,880"
"Oct 26, 2014","$13,033,000"
"Oct 25, 2014","$11,272,500"
"Oct 24, 2014","$18,127,500"
"Oct 23, 2014","$15,585,700"
"Oct 22, 2014","$26,456,900"
"Oct 21, 2014","$11,641,300"
"Oct 20, 2014","$14,188,900"
"Oct 19, 2014","$16,419,000"
"Oct 18, 2014","$5,914,570"
"Oct 17, 2014","$11,416,800"
"Oct 16, 2014","$13,600,700"
"Oct 15, 2014","$26,990,000"
"Oct 14, 2014","$25,267,100"
"Oct 13, 2014","$38,491,500"
"Oct 12, 2014","$35,221,400"
"Oct 11, 2014","$17,552,800"
"Oct 10, 2014","$13,345,200"
"Oct 09, 2014","$43,665,700"
"Oct 08, 2014","$83,641,104"
"Oct 07, 2014","$54,736,300"
"Oct 06, 2014","$49,199,900"
"Oct 05, 2014","$79,011,800"
"Oct 04, 2014","$83,308,096"
"Oct 03, 2014","$47,236,500"
"Oct 02, 2014","$30,901,200"
"Oct 01, 2014","$21,777,700"
"Sep 30, 2014","$26,229,400"
"Sep 29, 2014","$34,707,300"
"Sep 28, 2014","$32,497,700"
"Sep 27, 2014","$23,613,300"
"Sep 26, 2014","$15,029,300"
"Sep 25, 2014","$21,460,800"
"Sep 24, 2014","$26,814,400"
"Sep 23, 2014","$30,627,700"
"Sep 22, 2014","$45,099,500"
"Sep 21, 2014","$24,127,600"
"Sep 20, 2014","$26,580,100"
"Sep 19, 2014","$36,863,600"
"Sep 18, 2014","$37,919,700"
"Sep 17, 2014","$34,483,200"
"Sep 16, 2014","$21,056,800"
"Sep 15, 2014","$16,797,300"
"Sep 14, 2014","$15,345,200"
"Sep 13, 2014","$13,105,500"
"Sep 12, 2014","$15,588,000"
"Sep 11, 2014","$15,437,200"
"Sep 10, 2014","$16,852,900"
"Sep 09, 2014","$22,787,800"
"Sep 08, 2014","$21,447,800"
"Sep 07, 2014","$30,238,000"
"Sep 06, 2014","$8,994,050"
"Sep 05, 2014","$10,601,400"
"Sep 04, 2014","$15,302,500"
"Sep 03, 2014","$26,081,400"
"Sep 02, 2014","$13,342,200"
"Sep 01, 2014","$23,337,900"
"Aug 31, 2014","$20,432,000"
"Aug 30, 2014","$44,632,300"
"Aug 29, 2014","$9,424,070"
"Aug 28, 2014","$17,624,800"
"Aug 27, 2014","$19,862,000"
"Aug 26, 2014","$22,648,500"
"Aug 25, 2014","$23,235,100"
"Aug 24, 2014","$18,356,700"
"Aug 23, 2014","$19,441,700"
"Aug 22, 2014","$25,171,900"
"Aug 21, 2014","$36,563,900"
"Aug 20, 2014","$49,444,200"
"Aug 19, 2014","$46,527,600"
"Aug 18, 2014","$38,422,400"
"Aug 17, 2014","$50,783,800"
"Aug 16, 2014","$24,300,900"
"Aug 15, 2014","$22,832,500"
"Aug 14, 2014","$25,598,300"
"Aug 13, 2014","$35,803,900"
"Aug 12, 2014","$25,777,500"
"Aug 11, 2014","$13,978,200"
"Aug 10, 2014","$14,764,200"
"Aug 09, 2014","$7,555,310"
"Aug 08, 2014","$7,922,070"
"Aug 07, 2014","$11,072,000"
"Aug 06, 2014","$11,131,400"
"Aug 05, 2014","$14,497,900"
"Aug 04, 2014","$10,790,800"
"Aug 03, 2014","$9,867,570"
"Aug 02, 2014","$9,917,990"
"Aug 01, 2014","$8,359,080"
"Jul 31, 2014","$18,215,900"
"Jul 30, 2014","$22,467,900"
"Jul 29, 2014","$14,898,800"
"Jul 28, 2014","$11,275,400"
"Jul 27, 2014","$19,316,400"
"Jul 26, 2014","$7,774,230"
"Jul 25, 2014","$10,752,900"
"Jul 24, 2014","$12,279,500"
"Jul 23, 2014","$20,917,200"
"Jul 22, 2014","$11,056,600"
"Jul 21, 2014","$9,602,880"
"Jul 20, 2014","$10,711,900"
"Jul 19, 2014","$5,760,120"
"Jul 18, 2014","$7,222,030"
"Jul 17, 2014","$14,158,100"
"Jul 16, 2014","$16,576,700"
"Jul 15, 2014","$13,182,400"
"Jul 14, 2014","$10,873,200"
"Jul 13, 2014","$12,706,800"
"Jul 12, 2014","$11,291,000"
"Jul 11, 2014","$13,329,000"
"Jul 10, 2014","$16,467,100"
"Jul 09, 2014","$15,880,700"
"Jul 08, 2014","$9,819,150"
"Jul 07, 2014","$10,005,500"
"Jul 06, 2014","$17,813,600"
"Jul 05, 2014","$10,080,000"
"Jul 04, 2014","$9,105,940"
"Jul 03, 2014","$22,237,200"
"Jul 02, 2014","$18,949,000"
"Jul 01, 2014","$25,768,200"
"Jun 30, 2014","$38,446,300"
"Jun 29, 2014","$46,422,400"
"Jun 28, 2014","$8,897,470"
"Jun 27, 2014","$13,398,100"
"Jun 26, 2014","$20,814,600"
"Jun 25, 2014","$14,655,900"
"Jun 24, 2014","$20,687,700"
"Jun 23, 2014","$14,144,900"
"Jun 22, 2014","$14,053,800"
"Jun 21, 2014","$10,877,700"
"Jun 20, 2014","$9,256,290"
"Jun 19, 2014","$18,134,100"
"Jun 18, 2014","$12,803,800"
"Jun 17, 2014","$17,862,000"
"Jun 16, 2014","$18,597,300"
"Jun 15, 2014","$28,677,500"
"Jun 14, 2014","$23,580,900"
"Jun 13, 2014","$38,481,200"
"Jun 12, 2014","$35,700,700"
"Jun 11, 2014","$50,818,800"
"Jun 10, 2014","$25,163,800"
"Jun 09, 2014","$17,913,400"
"Jun 08, 2014","$19,065,400"
"Jun 07, 2014","$8,614,190"
"Jun 06, 2014","$15,855,300"
"Jun 05, 2014","$18,680,100"
"Jun 04, 2014","$29,621,300"
"Jun 03, 2014","$37,731,500"
"Jun 02, 2014","$40,653,700"
"Jun 01, 2014","$45,450,200"
"May 31, 2014","$45,259,100"
"May 30, 2014","$15,107,100"
"May 29, 2014","$31,985,400"
"May 28, 2014","$18,707,800"
"May 27, 2014","$19,289,000"
"May 26, 2014","$38,032,000"
"May 25, 2014","$29,959,800"
"May 24, 2014","$47,010,300"
"May 23, 2014","$11,499,300"
"May 22, 2014","$34,934,700"
"May 21, 2014","$33,086,500"
"May 20, 2014","$14,626,000"
"May 19, 2014","$40,327,500"
"May 18, 2014","$6,242,620"
"May 17, 2014","$2,857,830"
"May 16, 2014","$2,945,790"
"May 15, 2014","$6,475,100"
"May 14, 2014","$7,362,980"
"May 13, 2014","$9,472,960"
"May 12, 2014","$7,682,670"
"May 11, 2014","$7,383,770"
"May 10, 2014","$12,251,700"
"May 09, 2014","$6,682,600"
"May 08, 2014","$10,347,900"
"May 07, 2014","$9,446,580"
"May 06, 2014","$18,332,200"
"May 05, 2014","$12,507,300"
"May 04, 2014","$10,004,800"
"May 03, 2014","$5,621,260"
"May 02, 2014","$9,849,640"
"May 01, 2014","$10,394,200"
"Apr 30, 2014","$12,871,800"
"Apr 29, 2014","$15,244,900"
"Apr 28, 2014","$16,401,400"
"Apr 27, 2014","$23,876,600"
"Apr 26, 2014","$10,949,500"
"Apr 25, 2014","$12,214,600"
"Apr 24, 2014","$46,856,500"
"Apr 23, 2014","$13,009,400"
"Apr 22, 2014","$9,814,530"
"Apr 21, 2014","$11,670,900"
"Apr 20, 2014","$15,171,400"
"Apr 19, 2014","$12,103,100"
"Apr 18, 2014","$19,588,200"
"Apr 17, 2014","$19,042,400"
"Apr 16, 2014","$34,025,500"
"Apr 15, 2014","$56,480,100"
"Apr 14, 2014","$49,561,000"
"Apr 13, 2014","$50,730,200"
"Apr 12, 2014","$22,493,500"
"Apr 11, 2014","$19,226,500"
"Apr 10, 2014","$62,562,800"
"Apr 09, 2014","$55,868,300"
"Apr 08, 2014","$13,204,400"
"Apr 07, 2014","$10,921,600"
"Apr 06, 2014","$15,616,600"
"Apr 05, 2014","$10,241,400"
"Apr 04, 2014","$13,404,500"
"Apr 03, 2014","$22,925,500"
"Apr 02, 2014","$40,765,500"
"Apr 01, 2014","$49,647,600"
"Mar 31, 2014","$35,685,800"
"Mar 30, 2014","$28,254,000"
"Mar 29, 2014","$42,958,300"
"Mar 28, 2014","$11,147,100"
"Mar 27, 2014","$58,828,300"
"Mar 26, 2014","$62,225,400"
"Mar 25, 2014","$16,401,100"
"Mar 24, 2014","$14,020,100"
"Mar 23, 2014","$22,706,900"
"Mar 22, 2014","$9,288,400"
"Mar 21, 2014","$17,360,700"
"Mar 20, 2014","$38,414,100"
"Mar 19, 2014","$20,572,900"
"Mar 18, 2014","$14,228,900"
"Mar 17, 2014","$24,011,500"
"Mar 16, 2014","$14,648,200"
"Mar 15, 2014","$5,277,290"
"Mar 14, 2014","$4,342,080"
"Mar 13, 2014","$11,913,800"
"Mar 12, 2014","$11,634,900"
"Mar 11, 2014","$18,621,200"
"Mar 10, 2014","$11,732,500"
"Mar 09, 2014","$20,639,800"
"Mar 08, 2014","$15,396,500"
"Mar 07, 2014","$18,654,200"
"Mar 06, 2014","$34,150,800"
"Mar 05, 2014","$16,068,100"
"Mar 04, 2014","$22,461,900"
"Mar 03, 2014","$55,344,600"
"Mar 02, 2014","$96,056,896"
"Mar 01, 2014","$7,950,760"
"Feb 28, 2014","$18,668,100"
"Feb 27, 2014","$28,076,100"
"Feb 26, 2014","$25,540,800"
"Feb 25, 2014","$64,642,700"
"Feb 24, 2014","$126,314,000"
"Feb 23, 2014","$57,893,900"
"Feb 22, 2014","$31,434,400"
"Feb 21, 2014","$31,254,000"
"Feb 20, 2014","$47,308,100"
"Feb 19, 2014","$46,905,000"
"Feb 18, 2014","$13,897,800"
"Feb 17, 2014","$20,015,100"
"Feb 16, 2014","$31,948,400"
"Feb 15, 2014","$40,061,700"
"Feb 14, 2014","$26,709,200"
"Feb 13, 2014","$102,506,000"
"Feb 12, 2014","$38,588,100"
"Feb 11, 2014","$25,367,600"
"Feb 10, 2014","$72,745,200"
"Feb 09, 2014","$112,758,000"
"Feb 08, 2014","$39,311,400"
"Feb 07, 2014","$38,742,600"
"Feb 06, 2014","$113,643,000"
"Feb 05, 2014","$50,108,700"
"Feb 04, 2014","$22,395,100"
"Feb 03, 2014","$16,609,700"
"Feb 02, 2014","$13,940,100"
"Feb 01, 2014","$11,300,900"
"Jan 31, 2014","$19,668,700"
"Jan 30, 2014","$17,107,900"
"Jan 29, 2014","$29,918,200"
"Jan 28, 2014","$17,984,400"
"Jan 27, 2014","$44,875,500"
"Jan 26, 2014","$49,233,600"
"Jan 25, 2014","$32,224,300"
"Jan 24, 2014","$24,303,900"
"Jan 23, 2014","$34,912,000"
"Jan 22, 2014","$15,607,100"
"Jan 21, 2014","$18,453,700"
"Jan 20, 2014","$18,997,300"
"Jan 19, 2014","$27,652,700"
"Jan 18, 2014","$24,365,700"
"Jan 17, 2014","$18,052,700"
"Jan 16, 2014","$39,031,700"
"Jan 15, 2014","$19,149,300"
"Jan 14, 2014","$28,107,200"
"Jan 13, 2014","$20,829,800"
"Jan 12, 2014","$45,580,900"
"Jan 11, 2014","$39,623,500"
"Jan 10, 2014","$44,754,200"
"Jan 09, 2014","$31,876,800"
"Jan 08, 2014","$59,998,600"
"Jan 07, 2014","$74,175,600"
"Jan 06, 2014","$81,311,696"
"Jan 05, 2014","$85,565,696"
"Jan 04, 2014","$72,898,496"
"Jan 03, 2014","$38,005,000"
"Jan 02, 2014","$37,810,100"
"Jan 01, 2014","$38,489,500"
"Dec 31, 2013","$22,489,400"
"Dec 30, 2013","$20,897,300"
"Dec 29, 2013","$20,707,700"
"Dec 28, 2013","$19,011,300"
"Dec 27, 2013","$32,505,800"
"Dec 26, 2013","$46,862,700"
"Dec 25, 2013",$0
"Dec 24, 2013",$0
"Dec 23, 2013",$0
"Dec 22, 2013",$0
"Dec 21, 2013",$0
"Dec 20, 2013",$0
"Dec 19, 2013",$0
"Dec 18, 2013",$0
"Dec 17, 2013",$0
"Dec 16, 2013",$0
"Dec 15, 2013",$0
"Dec 14, 2013",$0
"Dec 13, 2013",$0
"Dec 12, 2013",$0
"Dec 11, 2013",$0
"Dec 10, 2013",$0
"Dec 09, 2013",$0
"Dec 08, 2013",$0
"Dec 07, 2013",$0
"Dec 06, 2013",$0
"Dec 05, 2013",$0
"Dec 04, 2013",$0
"Dec 03, 2013",$0
"Dec 02, 2013",$0
"Dec 01, 2013",$0
"Nov 30, 2013",$0
"Nov 29, 2013",$0
"Nov 28, 2013",$0
"Nov 27, 2013",$0
"Nov 26, 2013",$0
"Nov 25, 2013",$0
"Nov 24, 2013",$0
"Nov 23, 2013",$0
"Nov 22, 2013",$0
"Nov 21, 2013",$0
"Nov 20, 2013",$0
"Nov 19, 2013",$0
"Nov 18, 2013",$0
"Nov 17, 2013",$0
"Nov 16, 2013",$0
"Nov 15, 2013",$0
"Nov 14, 2013",$0
"Nov 13, 2013",$0
"Nov 12, 2013",$0
"Nov 11, 2013",$0
"Nov 10, 2013",$0
"Nov 09, 2013",$0
"Nov 08, 2013",$0
"Nov 07, 2013",$0
"Nov 06, 2013",$0
"Nov 05, 2013",$0
"Nov 04, 2013",$0
"Nov 03, 2013",$0
"Nov 02, 2013",$0
"Nov 01, 2013",$0
"Oct 31, 2013",$0
"Oct 30, 2013",$0
"Oct 29, 2013",$0
"Oct 28, 2013",$0
"Oct 27, 2013",$0
"Oct 26, 2013",$0
"Oct 25, 2013",$0
"Oct 24, 2013",$0
"Oct 23, 2013",$0
"Oct 22, 2013",$0
"Oct 21, 2013",$0
"Oct 20, 2013",$0
"Oct 19, 2013",$0
"Oct 18, 2013",$0
"Oct 17, 2013",$0
"Oct 16, 2013",$0
"Oct 15, 2013",$0
"Oct 14, 2013",$0
"Oct 13, 2013",$0
"Oct 12, 2013",$0
"Oct 11, 2013",$0
"Oct 10, 2013",$0
"Oct 09, 2013",$0
"Oct 08, 2013",$0
"Oct 07, 2013",$0
"Oct 06, 2013",$0
"Oct 05, 2013",$0
"Oct 04, 2013",$0
"Oct 03, 2013",$0
"Oct 02, 2013",$0
"Oct 01, 2013",$0
"Sep 30, 2013",$0
"Sep 29, 2013",$0
"Sep 28, 2013",$0
"Sep 27, 2013",$0
"Sep 26, 2013",$0
"Sep 25, 2013",$0
"Sep 24, 2013",$0
"Sep 23, 2013",$0
"Sep 22, 2013",$0
"Sep 21, 2013",$0
"Sep 20, 2013",$0
"Sep 19, 2013",$0
"Sep 18, 2013",$0
"Sep 17, 2013",$0
"Sep 16, 2013",$0
"Sep 15, 2013",$0
"Sep 14, 2013",$0
"Sep 13, 2013",$0
"Sep 12, 2013",$0
"Sep 11, 2013",$0
"Sep 10, 2013",$0
"Sep 09, 2013",$0
"Sep 08, 2013",$0
"Sep 07, 2013",$0
"Sep 06, 2013",$0
"Sep 05, 2013",$0
"Sep 04, 2013",$0
"Sep 03, 2013",$0
"Sep 02, 2013",$0
"Sep 01, 2013",$0
"Aug 31, 2013",$0
"Aug 30, 2013",$0
"Aug 29, 2013",$0
"Aug 28, 2013",$0
"Aug 27, 2013",$0
"Aug 26, 2013",$0
"Aug 25, 2013",$0
"Aug 24, 2013",$0
"Aug 23, 2013",$0
"Aug 22, 2013",$0
"Aug 21, 2013",$0
"Aug 20, 2013",$0
"Aug 19, 2013",$0
"Aug 18, 2013",$0
"Aug 17, 2013",$0
"Aug 16, 2013",$0
"Aug 15, 2013",$0
"Aug 14, 2013",$0
"Aug 13, 2013",$0
"Aug 12, 2013",$0
"Aug 11, 2013",$0
"Aug 10, 2013",$0
"Aug 09, 2013",$0
"Aug 08, 2013",$0
"Aug 07, 2013",$0
"Aug 06, 2013",$0
"Aug 05, 2013",$0
"Aug 04, 2013",$0
"Aug 03, 2013",$0
"Aug 02, 2013",$0
"Aug 01, 2013",$0
"Jul 31, 2013",$0
"Jul 30, 2013",$0
"Jul 29, 2013",$0
"Jul 28, 2013",$0
"Jul 27, 2013",$0
"Jul 26, 2013",$0
"Jul 25, 2013",$0
"Jul 24, 2013",$0
"Jul 23, 2013",$0
"Jul 22, 2013",$0
"Jul 21, 2013",$0
"Jul 20, 2013",$0
"Jul 19, 2013",$0
"Jul 18, 2013",$0
"Jul 17, 2013",$0
"Jul 16, 2013",$0
"Jul 15, 2013",$0
"Jul 14, 2013",$0
"Jul 13, 2013",$0
"Jul 12, 2013",$0
"Jul 11, 2013",$0
"Jul 10, 2013",$0
"Jul 09, 2013",$0
"Jul 08, 2013",$0
"Jul 07, 2013",$0
"Jul 06, 2013",$0
"Jul 05, 2013",$0
"Jul 04, 2013",$0
"Jul 03, 2013",$0
"Jul 02, 2013",$0
"Jul 01, 2013",$0
"Jun 30, 2013",$0
"Jun 29, 2013",$0
"Jun 28, 2013",$0
"Jun 27, 2013",$0
"Jun 26, 2013",$0
"Jun 25, 2013",$0
"Jun 24, 2013",$0
"Jun 23, 2013",$0
"Jun 22, 2013",$0
"Jun 21, 2013",$0
"Jun 20, 2013",$0
"Jun 19, 2013",$0
"Jun 18, 2013",$0
"Jun 17, 2013",$0
"Jun 16, 2013",$0
"Jun 15, 2013",$0
"Jun 14, 2013",$0
"Jun 13, 2013",$0
"Jun 12, 2013",$0
"Jun 11, 2013",$0
"Jun 10, 2013",$0
"Jun 09, 2013",$0
"Jun 08, 2013",$0
"Jun 07, 2013",$0
"Jun 06, 2013",$0
"Jun 05, 2013",$0
"Jun 04, 2013",$0
"Jun 03, 2013",$0
"Jun 02, 2013",$0
"Jun 01, 2013",$0
"May 31, 2013",$0
"May 30, 2013",$0
"May 29, 2013",$0
"May 28, 2013",$0
"May 27, 2013",$0
"May 26, 2013",$0
"May 25, 2013",$0
"May 24, 2013",$0
"May 23, 2013",$0
"May 22, 2013",$0
"May 21, 2013",$0
"May 20, 2013",$0
"May 19, 2013",$0
"May 18, 2013",$0
"May 17, 2013",$0
"May 16, 2013",$0
"May 15, 2013",$0
"May 14, 2013",$0
"May 13, 2013",$0
"May 12, 2013",$0
"May 11, 2013",$0
"May 10, 2013",$0
"May 09, 2013",$0
"May 08, 2013",$0
"May 07, 2013",$0
"May 06, 2013",$0
"May 05, 2013",$0
"May 04, 2013",$0
"May 03, 2013",$0
"May 02, 2013",$0
"May 01, 2013",$0
"Apr 30, 2013",$0
"Apr 29, 2013",$0
